name,rating,date,text,text_clean,text_final
Letkol Susilo Widodo,5,1 hari lalu,"Banyak kapal nelayan, lumayan ramai pengunjung, angin berhembus sepoi-sepoi.",banyak kapal nelayan lumayan ramai pengunjung angin berhembus sepoisepoi,banyak kapal nelayan lumayan ramai unjung angin hembus sepoisepoi
Neng Mutmainnah,5,2 hari lalu,"""Ibuku berkata, jangan terlalu sombong ketika kamu punya (kekayaan), jangan berkecil hati ketika kamu punya masalah. Ingat, Nak, kamu bisa naik tetapi jangan mencapai langit (sombong), kamu bisa rendah hati tetapi jangan biarkan orang lain menghina kita.""",ibuku berkata jangan terlalu sombong kamu punya kekayaan jangan berkecil hati kamu punya masalah ingat nak kamu naik jangan mencapai langit sombong kamu rendah hati jangan biarkan orang menghina,ibu kata jangan terlalu sombong kamu punya kaya jangan kecil hati kamu punya masalah ingat nak kamu naik jangan capai langit sombong kamu rendah hati jangan biar orang hina
Inveil Hijab,5,2 minggu lalu,Matahari terbenam yang indah,matahari terbenam indah,matahari benam indah
Alma ida,4,2 minggu lalu,Sangat bagus,sangat bagus,sangat bagus
Lupi1234da Ramat zaka,4,2 minggu lalu,Bagus,bagus,bagus
Armiroko,5,2 minggu lalu,"View keren, hanya perlu diperhatikan kebersihan pantai nya 👍 …",view keren perlu diperhatikan kebersihan pantai,view keren perlu perhati bersih pantai
supri kae,5,2 minggu lalu,Oke,oke,oke
Wildanmirzaki Kriting,5,sebulan lalu,"Pantai Mutun memang cukup ramai, apalagi di siang hari 🌊. Walaupun hari ini sempat hujan dan mendung, suasananya tetap enak untuk santai. Anginnya sejuk, ombaknya tenang, dan pemandangan lautnya masih bisa dinikmati 😌
Banyak perahu di pinggir pantai dan tersedia kursi untuk duduk-duduk. Cocok buat main air ringan atau sekadar menikmati suasana pantai. Tinggal jaga kebersihan supaya pantainya tetap nyaman 👍",pantai mutun memang cukup ramai siang hari walaupun hari sempat hujan mendung suasananya tetap enak santai anginnya sejuk ombaknya tenang pemandangan lautnya dinikmati banyak perahu pinggir pantai tersedia kursi dudukduduk cocok buat main air ringan sekadar menikmati suasana pantai tinggal jaga kebersihan pantainya tetap nyaman,pantai mutun memang cukup ramai siang hari walaupun hari sempat hujan mendung suasana tetap enak santai angin sejuk ombak tenang pandang laut nikmat banyak perahu pinggir pantai sedia kursi dudukduduk cocok buat main air ringan sekadar nikmat suasana pantai tinggal jaga bersih pantai tetap nyaman
Omar Arif,4,sebulan lalu,Pantai yang indah di daerah Lampung...,pantai indah daerah lampung,pantai indah daerah lampung
Tiaaa_ay,5,sebulan lalu,"Pantainya lumayan bagus, namun banyak kapal yang bersandar.",pantainya lumayan bagus banyak kapal bersandar,pantai lumayan bagus banyak kapal sandar
Titin Aprily fatima,5,sebulan lalu,Bersih... Fasilitas lengkap,bersih fasilitas lengkap,bersih fasilitas lengkap
Adinda Khairunnisa,5,sebulan lalu,"Kesini pas banget angin lagi kenceng, jadi sulit untuk foto2 karena bajunya terbang🤣 …",kesini pas banget angin kenceng jadi sulit foto bajunya terbang,kesini pas banget angin kenceng jadi sulit foto baju terbang
Zero's Business,1,sebulan lalu,"Harga tiket masuk ga konsisten, suka suka yang jaga loket tiket👎🏻 …",harga tiket masuk tidak konsisten suka suka jaga loket tiket,harga tiket masuk tidak konsisten suka suka jaga loket tiket
Tegar,3,sebulan lalu,"Tiket mahal, di dalem ada tukang parkir lg",tiket mahal dalem tukang parkir lg,tiket mahal dalem tukang parkir lg
Achmad Harir,5,sebulan lalu,"Pantai asiklah buat main air, anak2 juga aman. Walaupun rada kotor tapi worth lah buat pantai gratisan.
Bisa nyewa saung sama ban biar lebih enak mau main air atau nunggu aja",pantai asiklah buat main air anak aman walaupun rada kotor worth buat pantai gratisan nyewa saung sama ban biar lebih enak mau main air nunggu,pantai asiklah buat main air anak aman walaupun rada kotor worth buat pantai gratis nyewa saung sama ban biar lebih enak mau main air nunggu
Peni Purwati,4,sebulan lalu,"Viewnya bagus sebenarnya tapi tempatnya kotor. Kesana minggu kemarin.. terlebih kamar mandinya sangat bau dan tidak mengalir menggenang di pintu masuk.
Keponakan saya terpeleset saat ke kamar mandi menggendong anaknya.
Semoga lebih ditingkatkan lagi kebersihannya.",viewnya bagus sebenarnya tempatnya kotor kesana minggu kemarin terlebih kamar mandinya sangat bau tidak mengalir menggenang pintu masuk keponakan terpeleset kamar mandi menggendong anaknya semoga lebih ditingkatkan kebersihannya,viewnya bagus benar tempat kotor kesana minggu kemarin lebih kamar mandi sangat bau tidak alir genang pintu masuk keponakan peleset kamar mandi gendong anak moga lebih tingkat bersih
Ali Hamzah,4,sebulan lalu,"Salah satu wisata bahari yang ada di provinsi lampung, tepatnya ada di kabupaten pesarawan, dengan pasir yang cukup bersih dan fasilitas juga cukup lengkap, mulai toilet, mushola dan banyak penjual makanan. Pantainya juga dilengkapi dengan dermaga, dan kita bisa menyewa perahu untuk mengelilingi pantai. Mungkin yang jadi catatan, jalan masuk ke pantai setelah jalan raya masih banyak yang rusak dan kalau malam minim penerangan.",salah satu wisata bahari provinsi lampung tepatnya kabupaten pesarawan pasir cukup bersih fasilitas cukup lengkap mulai toilet mushola banyak penjual makanan pantainya dilengkapi dermaga menyewa perahu mengelilingi pantai mungkin jadi catatan jalan masuk pantai jalan raya banyak rusak kalau malam minim penerangan,salah satu wisata bahari provinsi lampung tepat kabupaten pesarawan pasir cukup bersih fasilitas cukup lengkap mulai toilet mushola banyak jual makan pantai lengkap dermaga sewa perahu keliling pantai mungkin jadi catat jalan masuk pantai jalan raya banyak rusak kalau malam minim terang
Richard Paulus Situmorang,1,2 bulan lalu,"Masuk 35k per org, parkir 10k, saung 150k, nyebrang 200k, banana boat 30k per org, bilas bayar lagi. Intinya rupiah, rupiah dan rupiah 😌 …",masuk k per org parkir k saung k nyebrang k banana boat k per org bilas bayar intinya rupiah rupiah rupiah,masuk k per org parkir k saung k nyebrang k banana boat k per org bilas bayar inti rupiah rupiah rupiah
yasmika putri,1,2 bulan lalu,"Panas, banyak karang dan sampah. Pempers bayi pun ada, kok aneh banget ya",panas banyak karang sampah pempers bayi aneh banget,panas banyak karang sampah pempers bayi aneh banget
Supri Yono,5,2 bulan lalu,Tempat nya sangat bagus cocok untuk sekeluarga,tempat sangat bagus cocok sekeluarga,tempat sangat bagus cocok keluarga
Riyan Thama,5,2 bulan lalu,"Pantai nya keren ada hotel bintang 5 deket Pantai
Semoga bisa menjadi destinasi wisata internasional",pantai keren hotel bintang deket pantai semoga menjadi destinasi wisata internasional,pantai keren hotel bintang deket pantai moga jadi destinasi wisata internasional
Erna aja,1,2 bulan lalu,Pengelolaanya Buruk tiketnyapun mahal tempat nya pun jorok serba bayar,pengelolaanya buruk tiketnyapun mahal tempat jorok serba bayar,pengelolaanya buruk tiket mahal tempat jorok serba bayar
Sunni Purnomo,1,2 bulan lalu,Jelek tidak direkomendasikan,jelek tidak direkomendasikan,jelek tidak rekomendasi
Mama Kencana Kencini,4,2 bulan lalu,"Buat yg minimalis masalah keuangan tetep butuh air yang asin asin, bisa dikondisikan untuk pilih mutun yang belok ke yg kiri, recommended buat kaum mendang mending",buat minimalis masalah keuangan tetep butuh air asin asin dikondisikan pilih mutun belok kiri recommended buat kaum mendang mending,buat minimal masalah uang tetep butuh air asin asin kondisi pilih mutun belok kiri recommended buat kaum dang mending
Dimas Uyee,5,2 bulan lalu,bagus bangett,bagus bangett,bagus bangett
Are Susanto,2,2 bulan lalu,"Pantainya bagus, sayang dipenuhi prahu2 bersandar buat nyebrang jadi gak leluasa buat maen anak2, penyebrangan kategori mahal 200k, nyebrang gak sampe 5 menit perjalanan",pantainya bagus sayang dipenuhi prahu bersandar buat nyebrang jadi tidak leluasa buat maen anak penyebrangan kategori mahal k nyebrang tidak sampe menit perjalanan,pantai bagus sayang penuh prahu sandar buat nyebrang jadi tidak leluasa buat maen anak penyebrangan kategori mahal k nyebrang tidak sampe menit jalan
oktavia dewi,4,2 bulan lalu,Update terbaru pantai mutun 18.12.2025 bersih ada dermaga saksi bisu dan cocok untuk anak-anak main air karna ombaknya gak besar tapi minusnya kamar mandi airnya nyalanya kecil bgtt,update terbaru pantai mutun bersih dermaga saksi bisu cocok anakanak main air karna ombaknya tidak besar minusnya kamar mandi airnya nyalanya kecil bgtt,update baru pantai mutun bersih dermaga saksi bisu cocok anakanak main air karna ombak tidak besar minus kamar mandi air nyala kecil bgtt
Haryadi Atlas,5,2 bulan lalu,Pantai mutun bandar lampung top 👍 …,pantai mutun bandar lampung top,pantai mutun bandar lampung top
Abdul Latif SR,3,2 bulan lalu,Ke mutun 2 harus bayar juga di gerbang mutun 1,mutun bayar gerbang mutun,mutun bayar gerbang mutun
Luthfi Riadina,2,2 bulan lalu,Mahal. Dikit2 bayar,mahal dikit bayar,mahal dikit bayar
Siti Aisyah,5,2 bulan lalu,"Pantai nya bagus,tempat wisata dan para angler para pemancing bnyak seru,!!!",pantai bagustempat wisata angler pemancing bnyak seru,pantai bagustempat wisata angler pancing bnyak seru
arrakasta 1410,4,3 bulan lalu,salah satu tempat wisata bagus di Lampung,salah satu tempat wisata bagus lampung,salah satu tempat wisata bagus lampung
Sutariyah,5,3 bulan lalu,pantainya enak untuk berenang anak2 serta lansia,pantainya enak berenang anak lansia,pantai enak renang anak lansia
Pinkan Salsabila,4,Diedit 3 bulan lalu,"Baguss,bersihh",bagussbersihh,bagussbersihh
Pieces the sun,5,3 bulan lalu,"- Viewnyaaa mayan bagusssslah🦦🦦
- Pasirnya enak
- Senja ketutupan bukit🙁 but still pretty🤩
-masuknya sekitar 30k? lupa🙂‍↕️
- kamar mandinya agak serem yh
- Sekitar 30 menit dari Balam
- akses ke sana udah aspal semuaa, dan juga beberapa ada nanjak yhh
- minus banyak kapal gais
- buat berenang oke si karena ombaknya santuy🌊🌊",viewnyaaa mayan bagusssslah pasirnya enak senja ketutupan bukit but still pretty masuknya k lupa kamar mandinya serem yh menit balam akses sana udah aspal semuaa beberapa nanjak yhh minus banyak kapal gais buat berenang oke si ombaknya santuy,viewnyaaa mayan bagusssslah pasir enak senja tutup bukit but still pretty masuk k lupa kamar mandi rem yh menit balam akses sana udah aspal semuaa beberapa nanjak yhh minus banyak kapal gais buat renang oke si ombak santuy
Nurafla Nabilla,2,3 bulan lalu,"Kamar mandi ada pup, orang selesai solat mau istirahat Sebntr di usir
Karyawannya kasar"" sombong tidak ramah :((
Padahal mau liburan jadi badmood",kamar mandi pup orang selesai solat mau istirahat sebntr usir karyawannya kasar sombong tidak ramah padahal mau liburan jadi badmood,kamar mandi pup orang selesai solat mau istirahat sebntr usir karyawannya kasar sombong tidak ramah padahal mau libur jadi badmood
Supras Setiawan,5,4 bulan lalu,Mantap..,mantap,mantap
Sofwan Halimi,5,4 bulan lalu,Indah pantai,indah pantai,indah pantai
Ade Ria Septa utami,5,4 bulan lalu,"Pantai yang indah, jadi kangen lampung",pantai indah jadi kangen lampung,pantai indah jadi kangen lampung
Inu Stiyevo,4,4 bulan lalu,Bersih. Lautnya berair jernih. Anak kecil bisa berenang.,bersih lautnya berair jernih anak kecil berenang,bersih laut air jernih anak kecil renang
Agusman Rahmadi,5,5 bulan lalu,"Bersih, nyaman",bersih nyaman,bersih nyaman
Khalisa oshi putri,5,5 bulan lalu,Mantap,mantap,mantap
Alfarabi,4,5 bulan lalu,"Kalo kawan-kawan mau kesini dengan keluarga harus memperhatikan 3 hal :
Pantai Mutun itu ada 3 lokasi :
1. Lokasi yang masuknya tanpa palang gerbang alias dikelola warga lokal, akan dikenakan tarif 50 ribu per mobil (sudah termasuk orang2 yang ada di dalam mobil), lokasi pantainya sempit dan banyak banget orangnya kalo disini cocok untuk tipe orang ekstrovert
2. Lokasi yang masuknya ada palang keluar masuk mobil dan dipagar keliling pantainya. Tiket masuk aku dengan keluarga 3 orang tarifnya 65 ribu. Terus sewa gazebo 50 ribu. Pantainya bagus, pasirnya luas, lebih enak ketimbang yang pertama. Banyak permainan untuk dilautnya juga, banana boat dll.
3. Lokasi ke tiga ini aku belum pernah, tapi mirip2 dengan lokasi kedua.",kalau kawankawan mau kesini keluarga memperhatikan pantai mutun lokasi lokasi masuknya palang gerbang alias dikelola warga lokal dikenakan tarif ribu per mobil termasuk orang mobil lokasi pantainya sempit banyak banget orangnya kalau disini cocok tipe orang ekstrovert lokasi masuknya palang keluar masuk mobil dipagar keliling pantainya tiket masuk aku keluarga orang tarifnya ribu terus sewa gazebo ribu pantainya bagus pasirnya luas lebih enak ketimbang pertama banyak permainan dilautnya banana boat lokasi tiga aku belum pernah mirip lokasi kedua,kalau kawankawan mau kesini keluarga perhati pantai mutun lokasi lokasi masuk palang gerbang alias kelola warga lokal kena tarif ribu per mobil masuk orang mobil lokasi pantai sempit banyak banget orang kalau sini cocok tipe orang ekstrovert lokasi masuk palang keluar masuk mobil pagar keliling pantai tiket masuk aku keluarga orang tarif ribu terus sewa gazebo ribu pantai bagus pasir luas lebih enak ketimbang pertama banyak main laut banana boat lokasi tiga aku belum pernah mirip lokasi dua
kang review jujur,1,Diedit 5 bulan lalu,"masuk tiket bayar mahal 30rb perorang, pantainya kotor, mau bilas bayar lagi, mau parkir bayar lagi, ada pondokan bayarnya lebih mahal😂
pantai pungli!
kebanyakan bayar.

mending ke lampung selatan, pantai banyak dan bagus2, sekali bayar aja sudah bisa menikmati semua fasilitas lengkap yg jauh lebih bagus.

pantesan aja sepi banget",masuk tiket bayar mahal rb perorang pantainya kotor mau bilas bayar mau parkir bayar pondokan bayarnya lebih mahal pantai pungli kebanyakan bayar mending lampung selatan pantai banyak bagus sekali bayar menikmati semua fasilitas lengkap jauh lebih bagus pantesan sepi banget,masuk tiket bayar mahal rb orang pantai kotor mau bilas bayar mau parkir bayar pondok bayar lebih mahal pantai pungli banyak bayar mending lampung selatan pantai banyak bagus sekali bayar nikmat semua fasilitas lengkap jauh lebih bagus pantesan sepi banget
An toni,5,6 bulan lalu,"Pantai Mutun di Pesawaran, hanya sekitar 30–45 menit dari pusat Bandar Lampung, tampil memesona dengan pasir putihnya yang lembut dan laut jernih yang tenang — tempat yang sempurna untuk berenang atau bermain air bagi keluarga. Fasilitas di sana sangat lengkap: gazebo rindang, toilet, mushola, warung makanan, hingga lahan parkir yang luas, membuat kunjungan terasa nyaman. Di sana kamu juga bisa mencoba berbagai wahana seru seperti banana boat, jetski, hingga penyeberangan ke Pulau Tangkil. Tiket masuk dan tarif parkirnya masih sangat bersahabat di kantong. Dengan semua kelebihan itu, Mutun layak jadi destinasi liburan andalan akhir pekan — rindang, rileks, dan tetap terjangkau di Lampung.",pantai mutun pesawaran menit pusat bandar lampung tampil memesona pasir putihnya lembut laut jernih tenang tempat sempurna berenang bermain air keluarga fasilitas sana sangat lengkap gazebo rindang toilet mushola warung makanan hingga lahan parkir luas membuat kunjungan terasa nyaman sana kamu mencoba berbagai wahana seru banana boat jetski hingga penyeberangan pulau tangkil tiket masuk tarif parkirnya sangat bersahabat kantong semua kelebihan mutun layak jadi destinasi liburan andalan akhir pekan rindang rileks tetap terjangkau lampung,pantai mutun sawar menit pusat bandar lampung tampil pesona pasir putih lembut laut jernih tenang tempat sempurna renang main air keluarga fasilitas sana sangat lengkap gazebo rindang toilet mushola warung makan hingga lahan parkir luas buat kunjung asa nyaman sana kamu coba bagai wahana seru banana boat jetski hingga seberang pulau tangkil tiket masuk tarif parkir sangat sahabat kantong semua lebih mutun layak jadi destinasi libur andal akhir pekan rindang rileks tetap jangkau lampung
Elisia Calistaa,1,6 bulan lalu,"Pantainya bagus, cuma banyak sampahnya. Jadi hilang keindahannya karena sampah.

Dan pengawasnya gak jelas. Nyuruh motor saya parkir di tempat parkir, tapi banyak pengunjung serta pengawas lain parkir di samping dan sebelah gazebo. Saya ditegur karena memindahkan motor saya ke dekat gazebo, namun saya bertanya ke pengawas ""kamu negor saya, kenapa ngga negor mereka?"" (Sambil menunjuk motor yang parkirnya disamping gasebo). Dan jawabannya ""Karena gak keliatan BOS""... Bro, maksud saya kalo emang parkirnya di tempat parkir, ya motor motor mereka juga harus disanalah. Cuma karena ""GAK DILIAT BOS dan DILIAT BOS"" Penjilat lu bang? Mikir bang",pantainya bagus cuma banyak sampahnya jadi hilang keindahannya sampah pengawasnya tidak jelas nyuruh motor parkir tempat parkir banyak pengunjung pengawas parkir samping sebelah gazebo ditegur memindahkan motor dekat gazebo bertanya pengawas kamu negor ngga negor menunjuk motor parkirnya disamping gasebo jawabannya tidak keliatan bos bro maksud kalau emang parkirnya tempat parkir motor motor disanalah cuma tidak diliat bos diliat bos penjilat lu bang mikir bang,pantai bagus cuma banyak sampah jadi hilang indah sampah awas tidak jelas nyuruh motor parkir tempat parkir banyak unjung awas parkir samping belah gazebo tegur pindah motor dekat gazebo tanya awas kamu negor ngga negor tunjuk motor parkir samping gasebo jawab tidak liat bos bro maksud kalau emang parkir tempat parkir motor motor sana cuma tidak liat bos liat bos jilat lu bang mikir bang
Ema Lia,4,6 bulan lalu,pantai sedikit ada sampah tetapi pantai nya bagus sekali,pantai sedikit sampah pantai bagus sekali,pantai sedikit sampah pantai bagus sekali
Valery Ery,1,6 bulan lalu,"Hari hati teman masuk parkiran pantai mutun, sudah bayar 70 ribu, tapi masih ada insiden seperti ini… kecewa dengan oknum di sana👎 …",hari hati teman masuk parkiran pantai mutun bayar ribu insiden kecewa oknum sana,hari hati teman masuk parkir pantai mutun bayar ribu insiden kecewa oknum sana
Lutfiya Fakhira,4,6 bulan lalu,Lumayan bagus tapi ramenya itulohh ya weekend sih waktu kesini juga wajar,lumayan bagus ramenya itulohh weekend waktu kesini wajar,lumayan bagus ramenya itulohh weekend waktu kesini wajar
yang liu,4,Diedit 7 bulan lalu,"Ada pantai umum tepat di sebelah pantai pribadi, Anda hanya perlu tetap di kiri sepanjang jalan.",pantai umum tepat sebelah pantai pribadi perlu tetap kiri sepanjang jalan,pantai umum tepat belah pantai pribadi perlu tetap kiri panjang jalan
Fahmi Maulana,1,7 bulan lalu,"Kami datang jam 6 pagi, belum ada yang pungutan apapun. Karna kurang puas sama pantainya, kami mutusin buat cabut, cari pantai lain. Ehh pas keluar ada yang minta 150k buat 3 orang 😡  (walau dibalikin lagi 50k sih).

Pantainya biasa aja, banyak yang jauh lebih bagus. Ombaknya terlalu tenang, airnya nggak terlalu jernih, banyak kapal.

Kalau begini doang 50k per orang (belum parkir, kamar mandi, dll) sih, kemahalan 🙂‍↔️🙂‍↔️",datang jam pagi belum pungutan apapun karna kurang puas sama pantainya mutusin buat cabut cari pantai ehh pas keluar minta k buat orang dibalikin k pantainya biasa banyak jauh lebih bagus ombaknya terlalu tenang airnya tidak terlalu jernih banyak kapal kalau begini doang k per orang belum parkir kamar mandi kemahalan,datang jam pagi belum pungut apa karna kurang puas sama pantai mutusin buat cabut cari pantai ehh pas keluar minta k buat orang dibalikin k pantai biasa banyak jauh lebih bagus ombak terlalu tenang air tidak terlalu jernih banyak kapal kalau begini doang k per orang belum parkir kamar mandi mahal
May Soraya,3,7 bulan lalu,"Tlong donk pihak pengelola mutun dan warga sekitar,kerang ,sampah atau apapun yg ada dipantai di bersihin,kmren brenang ga nyaman bnyk bnyk karang kecil2 GT,ada yg agak besar juga kalo ,ga nyaman bg brenangnya👌 …",tlong donk pihak pengelola mutun warga sekitarkerang sampah apapun dipantai bersihinkmren brenang tidak nyaman bnyk bnyk karang kecil gtada besar kalau tidak nyaman bg brenangnya,tlong donk pihak kelola mutun warga sekitarkerang sampah apa pantai bersihinkmren brenang tidak nyaman bnyk bnyk karang kecil gtada besar kalau tidak nyaman bg brenangnya
Meihendri Hasnadi,4,7 bulan lalu,"Pantai nya bagus, sayang rada kotor",pantai bagus sayang rada kotor,pantai bagus sayang rada kotor
philokalist,4,7 bulan lalu,"Pantai lumayan  mudah diakses, ada ruang ganti dan bilas.
Pantai lumayan cocok untuk keluarga dan bisa berenang juga.
Ada banyak gazebo untuk bersantai, bisa menikmati pemandangan dengan nyaman jika kondisi tidak terlalu ramai (karena jika ramai banyak yg bawa speaker sendiri dan pasang musik sesukanya dengan volume ala konser)",pantai lumayan mudah diakses ruang ganti bilas pantai lumayan cocok keluarga berenang banyak gazebo bersantai menikmati pemandangan nyaman kondisi tidak terlalu ramai ramai banyak bawa speaker sendiri pasang musik sesukanya volume ala konser,pantai lumayan mudah akses ruang ganti bilas pantai lumayan cocok keluarga renang banyak gazebo santa nikmat pandang nyaman kondisi tidak terlalu ramai ramai banyak bawa speaker sendiri pasang musik suka volume ala konser
Welly Mukti,5,7 bulan lalu,rumah yang indah dan nyaman,rumah indah nyaman,rumah indah nyaman
niken susanti,3,8 bulan lalu,Kenapa sekarang jadi kotor...,sekarang jadi kotor,sekarang jadi kotor
heri sumardi,4,Diedit 8 bulan lalu,Aman dan nyaman untuk anak-anak berenang dan bermain pasir,aman nyaman anakanak berenang bermain pasir,aman nyaman anakanak renang main pasir
akhmad kurniawan,5,8 bulan lalu,Bagus,bagus,bagus
fairuz ferazio ten comandement,1,8 bulan lalu,"Akses jelek, overprice buat saung. Ga worth",akses jelek overprice buat saung tidak worth,akses jelek overprice buat saung tidak worth
Wigita Nana,1,8 bulan lalu,"Tiket masuk mahal 35rb,mobil 10rb,parkir masih byr lagi,duduk bayar 100rb,nyebrang byr 200rb,ya cukup sekali ajalah kesini.",tiket masuk mahal rbmobil rbparkir byr lagiduduk bayar rbnyebrang byr rbya cukup sekali ajalah kesini,tiket masuk mahal rbmobil rbparkir byr lagiduduk bayar rbnyebrang byr rbya cukup sekali aja kesini
Ade Rinaldi,4,8 bulan lalu,Bagus cuma tempat bermain anak terbatas karena kedalaman pantai,bagus cuma tempat bermain anak terbatas kedalaman pantai,bagus cuma tempat main anak batas dalam pantai
Venna fatika,5,8 bulan lalu,"Pantainya bersih, ombaknya ga terlalu besar cocok untuk bawa keluarga yang masih punya anak² kecil,",pantainya bersih ombaknya tidak terlalu besar cocok bawa keluarga punya anak kecil,pantai bersih ombak tidak terlalu besar cocok bawa keluarga punya anak kecil
Eric “EJ” Octav,5,8 bulan lalu,Untuk pantainya ok lah sayang masuknya dengan fasilitas yang ada sepertinya kurang sebanding yaa..,pantainya sayang masuknya fasilitas sepertinya kurang sebanding yaa,pantai sayang masuk fasilitas seperti kurang banding yaa
Nas Wandi,5,8 bulan lalu,Pantai selalu ramai di weekend,pantai selalu ramai weekend,pantai selalu ramai weekend
Muharam Agustriawan,5,8 bulan lalu,"Pantai disini cocok untk anak-anak, karena ombak nya g terlalu besar",pantai disini cocok untk anakanak ombak g terlalu besar,pantai sini cocok untk anakanak ombak g terlalu besar
Ichwan Chafidhuddin,5,8 bulan lalu,"Bawa rombongan dari jogja , kesini",bawa rombongan jogja kesini,bawa rombong jogja kesini
Julia Yurif,5,Diedit 8 bulan lalu,"Pantainya baguss, lumayan rapi, kalau lagi hari liburr beehh rame betul wkwkk, better pas bukan hari libur, tapiiiiiii bintang 5 buat bapak yang punya perahu iniiii super ramah, jago ngefotoin",pantainya baguss lumayan rapi kalau hari liburr beehh rame betul wkwkk better pas bukan hari libur tapiiiiiii bintang buat bapak punya perahu iniiii super ramah jago ngefotoin,pantai baguss lumayan rapi kalau hari liburr beehh rame betul wkwkk better pas bukan hari libur tapiiiiiii bintang buat bapak punya perahu iniiii super ramah jago ngefotoin
Riza Budiarto,5,9 bulan lalu,Sangat bagus. Apalagi kalau dikelola lebih baik.,sangat bagus kalau dikelola lebih baik,sangat bagus kalau kelola lebih baik
Era Ladyna,4,9 bulan lalu,"Tiket 35.000, naik banana boat dan donat boat 30.000, banyak kapal bersandar, buat nyebrang pulau.. Kesini sore hari, ombak tidak besar..",tiket naik banana boat donat boat banyak kapal bersandar buat nyebrang pulau kesini sore hari ombak tidak besar,tiket naik banana boat donat boat banyak kapal sandar buat nyebrang pulau kesini sore hari ombak tidak besar
Sabar Ibrahim,2,9 bulan lalu,"Saya mengunjungi Pantai Mutun bersama rombongan anak-anak TK As Salam Sendangagung dari Lampung Tengah dengan harapan bisa menikmati suasana pantai yang menyenangkan. Namun, sayangnya, kondisi di lapangan sangat jauh dari harapan.

Air lautnya keruh dan kotor, bahkan terlihat seperti tidak pernah dibersihkan. Kebersihan secara umum juga sangat kurang terjaga. Banyak area yang tampak tidak terawat, dengan fasilitas yang tampaknya dibiarkan begitu saja.

Perjalanan jauh dari Lampung Tengah terasa sia-sia karena pantai ini tidak memberikan pengalaman yang layak untuk direkomendasikan, apalagi untuk anak-anak kecil yang butuh tempat bersih dan aman untuk bermain.

Sangat disayangkan, padahal Pantai Mutun dulu dikenal cukup baik. Tapi sekarang, kondisinya tidak lagi layak untuk jadi destinasi wisata keluarga.",mengunjungi pantai mutun bersama rombongan anakanak tk as salam sendangagung lampung tengah harapan menikmati suasana pantai menyenangkan sayangnya kondisi lapangan sangat jauh harapan air lautnya keruh kotor bahkan terlihat tidak pernah dibersihkan kebersihan umum sangat kurang terjaga banyak area tampak tidak terawat fasilitas tampaknya dibiarkan perjalanan jauh lampung tengah terasa siasia pantai tidak memberikan pengalaman layak direkomendasikan anakanak kecil butuh tempat bersih aman bermain sangat disayangkan padahal pantai mutun dulu dikenal cukup baik sekarang kondisinya tidak layak jadi destinasi wisata keluarga,unjung pantai mutun sama rombong anakanak tk as salam sendangagung lampung tengah harap nikmat suasana pantai senang sayang kondisi lapang sangat jauh harap air laut keruh kotor bahkan lihat tidak pernah bersih bersih umum sangat kurang jaga banyak area tampak tidak awat fasilitas tampak biar jalan jauh lampung tengah asa siasia pantai tidak beri alam layak rekomendasi anakanak kecil butuh tempat bersih aman main sangat sayang padahal pantai mutun dulu kenal cukup baik sekarang kondisi tidak layak jadi destinasi wisata keluarga
Octarina Ningrum,5,9 bulan lalu,"Fasilitas seperti pondok² tolong diperhatikan sudah banyak yg rusak..
Kebersihan kamar mandi jg, kalo sudah ramai pengunjung banyak bau² kurang enak",fasilitas pondok diperhatikan banyak rusak kebersihan kamar mandi jg kalau ramai pengunjung banyak bau kurang enak,fasilitas pondok perhati banyak rusak bersih kamar mandi jg kalau ramai unjung banyak bau kurang enak
alife bata,5,Diedit 9 bulan lalu,"Pantai Mutun memang menawarkan pesona alam yang cukup menarik untuk dikunjungi. Dengan tiket masuk yang terbilang standar di angka Rp 35.000 per orang, ekspektasi akan pengalaman pantai yang menyenangkan tentu ada.

Sayangnya, sedikit pengalaman kurang mengenakkan justru datang dari area parkir. Meskipun tiket masuk sudah dibayar, kami masih diminta sejumlah uang parkir oleh petugas yang terasa tidak resmi. Ya, situasinya mirip seperti parkir di minimarket, di mana tarifnya ""seikhlasnya"". Jujur, ini menimbulkan sedikit kebingungan dan pertanyaan soal pengelolaan area pantai. Meskipun nominalnya mungkin tidak besar, praktik ini terasa kurang transparan dan bisa mengurangi kenyamanan pengunjung.

Untuk kelebihannya, Pantai Mutun sendiri cukup layak untuk dinikmati. Pemandangan lautnya lumayan indah, dengan pasir putih yang lembut di beberapa bagian. Ombaknya pun cenderung tenang, sehingga aman untuk bermain air, terutama bagi anak-anak. Tersedia juga pilihan untuk menyewa gazebo dengan harga berkisar antara Rp 100.000 hingga Rp 150.000. Gazebo ini tentu menjadi pilihan yang nyaman untuk bersantai bersama keluarga atau teman sambil menikmati pemandangan pantai.

Secara keseluruhan, Pantai Mutun punya potensi yang baik. Keindahan alamnya patut diapresiasi, dan fasilitas gazebo yang disewakan juga menambah kenyamanan. Namun, urusan parkir yang ""seikhlasnya"" ini perlu menjadi perhatian pengelola. Akan lebih baik jika ada tarif parkir resmi yang jelas, sehingga pengunjung tidak merasa ambigu dan lebih nyaman sejak awal kedatangan.

Rekomendasi:

Siapkan uang tunai lebih untuk biaya parkir ""seikhlasnya"".
Sewa gazebo jika Anda datang bersama rombongan atau ingin bersantai lebih lama.
Nikmati keindahan pantai dan ombaknya yang tenang.
Semoga pengalaman Anda di Pantai Mutun tetap menyenangkan, meskipun ada sedikit ""kejutan"" di area parkir.",pantai mutun memang menawarkan pesona alam cukup menarik dikunjungi tiket masuk terbilang standar angka rp per orang ekspektasi pengalaman pantai menyenangkan sayangnya sedikit pengalaman kurang mengenakkan justru datang area parkir meskipun tiket masuk dibayar diminta sejumlah uang parkir petugas terasa tidak resmi situasinya mirip parkir minimarket mana tarifnya seikhlasnya jujur menimbulkan sedikit kebingungan pertanyaan soal pengelolaan area pantai meskipun nominalnya mungkin tidak besar praktik terasa kurang transparan mengurangi kenyamanan pengunjung kelebihannya pantai mutun sendiri cukup layak dinikmati pemandangan lautnya lumayan indah pasir putih lembut beberapa bagian ombaknya cenderung tenang aman bermain air terutama anakanak tersedia pilihan menyewa gazebo harga berkisar rp hingga rp gazebo menjadi pilihan nyaman bersantai bersama keluarga teman menikmati pemandangan pantai keseluruhan pantai mutun punya potensi baik keindahan alamnya patut diapresiasi fasilitas gazebo disewakan menambah kenyamanan urusan parkir seikhlasnya perlu menjadi perhatian pengelola lebih baik tarif parkir resmi jelas pengunjung tidak merasa ambigu lebih nyaman sejak awal kedatangan rekomendasi siapkan uang tunai lebih biaya parkir seikhlasnya sewa gazebo datang bersama rombongan bersantai lebih lama nikmati keindahan pantai ombaknya tenang semoga pengalaman pantai mutun tetap menyenangkan meskipun sedikit kejutan area parkir,pantai mutun memang tawar pesona alam cukup tarik kunjung tiket masuk bilang standar angka rp per orang ekspektasi alam pantai senang sayang sedikit alam kurang enak justru datang area parkir meski tiket masuk bayar minta jumlah uang parkir tugas asa tidak resmi situasi mirip parkir minimarket mana tarif ikhlas jujur timbul sedikit bingung tanya soal kelola area pantai meski nominal mungkin tidak besar praktik asa kurang transparan kurang nyaman unjung lebih pantai mutun sendiri cukup layak nikmat pandang laut lumayan indah pasir putih lembut beberapa bagi ombak cenderung tenang aman main air utama anakanak sedia pilih sewa gazebo harga kisar rp hingga rp gazebo jadi pilih nyaman santa sama keluarga teman nikmat pandang pantai seluruh pantai mutun punya potensi baik indah alam patut apresiasi fasilitas gazebo sewa tambah nyaman urus parkir ikhlas perlu jadi perhati kelola lebih baik tarif parkir resmi jelas unjung tidak rasa ambigu lebih nyaman sejak awal datang rekomendasi siap uang tunai lebih biaya parkir ikhlas sewa gazebo datang sama rombong santa lebih lama nikmat indah pantai ombak tenang moga alam pantai mutun tetap senang meski sedikit kejut area parkir
Caecilia Anabella,5,Diedit 9 bulan lalu,"Sedikit kotor tapi masih jernih, sayang nya pada saat kesana sedang pasang",sedikit kotor jernih sayang kesana sedang pasang,sedikit kotor jernih sayang kesana sedang pasang
SATRIA,5,9 bulan lalu,Di sini pantainya bagus dan indah,sini pantainya bagus indah,sini pantai bagus indah
Muhamad jidan maulana Jidanmaulana,4,9 bulan lalu,Bagus,bagus,bagus
Pak Djo,5,10 bulan lalu,"Pantai di Lampung ,suasananya tenang ,pas untuk rekreasi keluarga. Pemandangan di sore hari,sangat menyegarkan ,pas utk melepas penat setelah sibuk mencari nafkah.👍🙏😇🥰 …",pantai lampung suasananya tenang pas rekreasi keluarga pemandangan sore harisangat menyegarkan pas melepas penat sibuk mencari nafkah,pantai lampung suasana tenang pas rekreasi keluarga pandang sore harisangat segar pas lepas penat sibuk cari nafkah
Leri Antoni,5,10 bulan lalu,Mantap,mantap,mantap
erdhani yasit,1,10 bulan lalu,"Pantai nya kotor tiket mahal
Masuk 40
Sewa gazebo 100
Sewa tikar 30
Sangat menyesal",pantai kotor tiket mahal masuk sewa gazebo sewa tikar sangat menyesal,pantai kotor tiket mahal masuk sewa gazebo sewa tikar sangat sesal
Agusman Ruslan,5,10 bulan lalu,Rame,rame,rame
Chel,2,10 bulan lalu,"Maaf gak banyak ambil foto dilokasi, semoga review ini bisa membantu.

Yang dibayar di gerbang masuk (wajib):
1. Tiket masuk: Rp35.000/orang (dewasa dan anak-anak sama)
2. Parkir mobil pribadi: Rp10.000/mobil

Biaya tambahan di dalam lokasi wisata (opsional, tergantung aktivitas):
3. Sewa gazebo: Mulai dari Rp50.000 (ukuran kecil) hingga Rp200.000 (ukuran besar)
4. Kamar mandi/toilet: Rp3.000/orang
5. Sewa kapal: Rp200.000/kapal (maks. 10 orang dewasa, sistem sewa per kapal, bukan per orang)
6. Tiket masuk ke pulau (jika menyeberang): Rp10.000/orang
7. Tiket masuk ke area pantai dengan perosotan: Rp10.000/orang
8. Sewa kano: Rp35.000/jam
9. Banana Boat: Rp25.000/orang (maks. 7 orang dewasa)
10. Rolling Donat: Rp25.000/orang (maks. 6 orang dewasa)

Perlu diperhatikan bahwa beberapa biaya bersifat wajib dan lainnya tergantung aktivitas yang dipilih. Jadi, sebaiknya siapkan dana tambahan jika ingin menikmati semua fasilitas.

Jadi bisa dihitung sendiri ya bapak/ibu disesuaikan dengan kebutuhan.

Saya berkunjung ke Pantai Mutun 2 pada hari Sabtu, 12 April 2025 bersama keluarga. Saat itu kondisi pantai cukup ramai, namun masih nyaman untuk dinikmati. Awalnya kami datang ke area dekat dermaga (gratis masuk, parkir Rp50.000/mobil), namun lokasi tersebut lebih cocok untuk wisatawan yang ingin menyeberang ke pulau, bukan untuk bermain di pantai, jadi kami memutuskan pindah ke area Pantai Mutun 2.

Garis pantainya ternyata cukup panjang dan bersebelahan langsung dengan Hotel Marriot Lampung. Ada area yang bersih dari karang dan cocok untuk bermain air, sayangnya malah digunakan sebagai tempat parkir kapal. Semoga ke depannya pengelola bisa menata area ini lebih baik agar pengunjung lebih leluasa berenang, apalagi harga tiket masuknya sudah cukup tinggi (dan belum ada perubahan dari keluhan serupa di review sebelumnya).

Fasilitas di dalam cukup lengkap: ada penjual makanan dan minuman dengan harga relatif terjangkau, musholla kecil tapi bersih, toilet dan kamar mandi cukup banyak, serta penjual baju dan suvenir juga tersedia.

Untuk sekadar bersantai dan menikmati suasana, tempat ini cukup nyaman dan adem, terutama di area yang banyak pepohonan. Namun, kalau ingin berenang, sebaiknya menyeberang ke pulau yang airnya lebih jernih dan minim karang.

Terima kasih.",maaf tidak banyak ambil foto dilokasi semoga review membantu dibayar gerbang masuk wajib tiket masuk rporang dewasa anakanak sama parkir mobil pribadi rpmobil biaya tambahan lokasi wisata opsional tergantung aktivitas sewa gazebo mulai rp ukuran kecil hingga rp ukuran besar kamar manditoilet rporang sewa kapal rpkapal maks orang dewasa sistem sewa per kapal bukan per orang tiket masuk pulau menyeberang rporang tiket masuk area pantai perosotan rporang sewa kano rpjam banana boat rporang maks orang dewasa rolling donat rporang maks orang dewasa perlu diperhatikan beberapa biaya bersifat wajib lainnya tergantung aktivitas dipilih jadi sebaiknya siapkan dana tambahan menikmati semua fasilitas jadi dihitung sendiri bapakibu disesuaikan kebutuhan berkunjung pantai mutun hari sabtu april bersama keluarga kondisi pantai cukup ramai nyaman dinikmati awalnya datang area dekat dermaga gratis masuk parkir rpmobil lokasi tersebut lebih cocok wisatawan menyeberang pulau bukan bermain pantai jadi memutuskan pindah area pantai mutun garis pantainya ternyata cukup panjang bersebelahan langsung hotel marriot lampung area bersih karang cocok bermain air sayangnya malah digunakan tempat parkir kapal semoga depannya pengelola menata area lebih baik pengunjung lebih leluasa berenang harga tiket masuknya cukup tinggi belum perubahan keluhan serupa review sebelumnya fasilitas cukup lengkap penjual makanan minuman harga relatif terjangkau musholla kecil bersih toilet kamar mandi cukup banyak penjual baju suvenir tersedia sekadar bersantai menikmati suasana tempat cukup nyaman adem terutama area banyak pepohonan kalau berenang sebaiknya menyeberang pulau airnya lebih jernih minim karang terima kasih,maaf tidak banyak ambil foto lokasi moga review bantu bayar gerbang masuk wajib tiket masuk rporang dewasa anakanak sama parkir mobil pribadi rpmobil biaya tambah lokasi wisata opsional gantung aktivitas sewa gazebo mulai rp ukur kecil hingga rp ukur besar kamar manditoilet rporang sewa kapal rpkapal maks orang dewasa sistem sewa per kapal bukan per orang tiket masuk pulau seberang rporang tiket masuk area pantai perosot rporang sewa kano rpjam banana boat rporang maks orang dewasa rolling donat rporang maks orang dewasa perlu perhati beberapa biaya sifat wajib lain gantung aktivitas pilih jadi baik siap dana tambah nikmat semua fasilitas jadi hitung sendiri bapakibu sesuai butuh kunjung pantai mutun hari sabtu april sama keluarga kondisi pantai cukup ramai nyaman nikmat awal datang area dekat dermaga gratis masuk parkir rpmobil lokasi sebut lebih cocok wisatawan seberang pulau bukan main pantai jadi putus pindah area pantai mutun garis pantai nyata cukup panjang bahan langsung hotel marriot lampung area bersih karang cocok main air sayang malah guna tempat parkir kapal moga depan kelola tata area lebih baik unjung lebih leluasa renang harga tiket masuk cukup tinggi belum ubah keluh rupa review belum fasilitas cukup lengkap jual makan minum harga relatif jangkau musholla kecil bersih toilet kamar mandi cukup banyak jual baju suvenir sedia sekadar santa nikmat suasana tempat cukup nyaman adem utama area banyak pohon kalau renang baik seberang pulau air lebih jernih minim karang terima kasih
Dondon,5,10 bulan lalu,bersih dan indah,bersih indah,bersih indah
Emilia 1218,5,11 bulan lalu,Keliatan nya bagus pengen ke sana semoga tahun depan bisa ke sini... aamiin ya rabbal a'lamin,keliatan bagus pengen sana semoga tahun depan sini aamiin rabbal alamin,liat bagus ken sana moga tahun depan sini aamiin rabbal alamin
DonSjbt,5,11 bulan lalu,Tempat yang bagus,tempat bagus,tempat bagus
Finoto Aji,1,11 bulan lalu,g bagusss,g bagusss,g bagusss
Daud Sudrajat,5,11 bulan lalu,Mantap,mantap,mantap
Teguh Budianto,5,11 bulan lalu,Pantai di Teluk Betung Lampung. tempat short escape di hari libur. Pantainya bagus dan lumayan tertata. Tiket masuk 35K/orang dan mobil 10K.,pantai teluk betung lampung tempat short escape hari libur pantainya bagus lumayan tertata tiket masuk korang mobil k,pantai teluk betung lampung tempat short escape hari libur pantai bagus lumayan tata tiket masuk korang mobil k
Waluyo HINO Chanel,2,11 bulan lalu,"Memang harus extra... Lumayan untuk tiketnya... Nyebrang, biaya sewa gazebo.. Tiket lagi di pulau...
Tiket masuk 35.000
Gazebo 50.000
Kapal 200.000
Tiket pulau 10.000
Mandi 5.000
Kondisi pantainya kurang rapi dan bersih..",memang extra lumayan tiketnya nyebrang biaya sewa gazebo tiket pulau tiket masuk gazebo kapal tiket pulau mandi kondisi pantainya kurang rapi bersih,memang extra lumayan tiket nyebrang biaya sewa gazebo tiket pulau tiket masuk gazebo kapal tiket pulau mandi kondisi pantai kurang rapi bersih
Sukma wati,1,setahun lalu,"Biaya masuk mahal
Jalan ny jelek
Kebersihan ga terjaga

Ga ad apa”",biaya masuk mahal jalan ny jelek kebersihan tidak terjaga tidak ad apa,biaya masuk mahal jalan ny jelek bersih tidak jaga tidak ad apa
Ihsan al Wafi,1,setahun lalu,"mahal,pungli,toilet bau pakai air sawah,jangan kesini lagi",mahalpunglitoilet bau pakai air sawahjangan kesini,mahalpunglitoilet bau pakai air sawahjangan kesini
Muhamad Ridho aulia,1,setahun lalu,"Mahal,petugas ngambil untung,bilas di toilet pakai air sawah",mahalpetugas ngambil untungbilas toilet pakai air sawah,mahalpetugas ngambil untungbilas toilet pakai air sawah
Ahmad Mishbahuddin,1,setahun lalu,"MAHAL,BILAS PAKAI AIR SAWAH DI TOILET NYA,JANGAN KESINI",mahalbilas pakai air sawah toilet nyajangan kesini,mahalbilas pakai air sawah toilet nyajangan kesini
qorib alFath,5,Diedit setahun lalu,"Pantainya indah.. Aksesnya lancar..
Htm 35rb perorang, parkir mobil 10rb.
Nyebrang ke pulau tangkil 200rb (minta bonus keliling pulau tangkil jgn lupa, pasti dikasih)
Htm pulau tangkilnya 10rb perorang..",pantainya indah aksesnya lancar htm rb perorang parkir mobil rb nyebrang pulau tangkil rb minta bonus keliling pulau tangkil jgn lupa dikasih htm pulau tangkilnya rb perorang,pantai indah akses lancar htm rb orang parkir mobil rb nyebrang pulau tangkil rb minta bonus keliling pulau tangkil jgn lupa kasih htm pulau tangkil rb orang
dodo franca,4,setahun lalu,"Harusnya ini bisa lebih bagus, potensi wisata yg cukup menjajikan, tetapi ini juga berpotensi menberikan pengalaman buruk karena parkir kurang luas, pantai nya lumayan banyak sampah",harusnya lebih bagus potensi wisata cukup menjajikan berpotensi menberikan pengalaman buruk parkir kurang luas pantai lumayan banyak sampah,harus lebih bagus potensi wisata cukup menjajikan potensi menberikan alam buruk parkir kurang luas pantai lumayan banyak sampah
Almas Kaulika,3,setahun lalu,"mending nyabrang ke tangkil, wc nya jorok ngantri, ga nyaman.",mending nyabrang tangkil wc jorok ngantri tidak nyaman,mending nyabrang tangkil wc jorok ngantri tidak nyaman
Anung Nurselo,2,Diedit setahun lalu,Pantai biasa saja.... Yg luar biasa untuk parkir.... Dengan tiket retribusi yg ga jelas... Tiket bekas....,pantai biasa luar biasa parkir tiket retribusi tidak jelas tiket bekas,pantai biasa luar biasa parkir tiket retribusi tidak jelas tiket bekas
Huda Hatake,5,setahun lalu,Rekomended,rekomended,rekomended
Sutris No,4,setahun lalu,Pernah Kesitu saat lulusan SD pariwisata,pernah kesitu lulusan sd pariwisata,pernah kesitu lulus sd pariwisata
Ivan Kezuma,5,setahun lalu,"Cocok buat liburan anak2,ombak ny tenang. Syang ny mo du2k d saung hrs nyewa,bda sm pntai sblah. Free",cocok buat liburan anakombak ny tenang syang ny mo duk d saung hrs nyewabda sm pntai sblah free,cocok buat libur anakombak ny tenang syang ny mo duk d saung hrs nyewabda sm pntai sblah free
Arleo Desnando,5,setahun lalu,"bagus, cuma lebih bagus nyebrang pulau tangkil nya. pasir nya luas, cocok untuk anak anak bermain. tapi untuk yang di ujung pulau tolong dong sampah nya dibersihkan. banyak pecahan botol, jdi ngeri mau jalan. sampah betaburan di air (khusus di ujung pulau tangkil) untuk sekitaran palang pulau sih aman. view bagus, penjual makanan banyak. keamanan oke, selalu diperingati kalau ada yg melewati batas saat mandi di pantai nya.",bagus cuma lebih bagus nyebrang pulau tangkil pasir luas cocok anak anak bermain ujung pulau sampah dibersihkan banyak pecahan botol jdi ngeri mau jalan sampah betaburan air khusus ujung pulau tangkil sekitaran palang pulau aman view bagus penjual makanan banyak keamanan oke selalu diperingati kalau melewati batas mandi pantai,bagus cuma lebih bagus nyebrang pulau tangkil pasir luas cocok anak anak main ujung pulau sampah bersih banyak pecah botol jdi ngeri mau jalan sampah betaburan air khusus ujung pulau tangkil sekitar palang pulau aman view bagus jual makan banyak aman oke selalu ingat kalau lewat batas mandi pantai
Juli Desi Irene Lumbanbatu,5,setahun lalu,"Suka saya, bayar gak terlalu mahal dan pasirnya dari semua area bagus",suka bayar tidak terlalu mahal pasirnya semua area bagus,suka bayar tidak terlalu mahal pasir semua area bagus
Marnina Mustika Ayu,3,setahun lalu,Kurang terawat saja,kurang terawat,kurang awat
Susan Arisanti,3,setahun lalu,Apa apa duit padahal udah bayar tiket masuk 😌 …,apa apa duit padahal udah bayar tiket masuk,apa apa duit padahal udah bayar tiket masuk
Ehsanur_ Hasanudin,3,setahun lalu,Banyak kenangan,banyak kenangan,banyak kenang
Amethy Sayyara,5,setahun lalu,Asik tuk menemani anak² mandi di pinggir pantai,asik tuk menemani anak mandi pinggir pantai,asik tuk tani anak mandi pinggir pantai
auto game99,1,setahun lalu,Tolong pak tempat solatnya kasian yang mau sholat,pak tempat solatnya kasian mau sholat,pak tempat solatnya kasi mau sholat
