name,rating,date,text,text_clean,text_final,sentimen
Inveil Hijab,5,2 minggu lalu,Matahari terbenam yang indah,matahari terbenam indah,matahari benam indah,netral
Alma ida,4,3 minggu lalu,Sangat bagus,sangat bagus,sangat bagus,positif
Lupi1234da Ramat zaka,4,3 minggu lalu,Bagus,bagus,bagus,positif
supri kae,5,3 minggu lalu,Oke,oke,oke,netral
Wildanmirzaki Kriting,5,sebulan lalu,"Pantai Mutun memang cukup ramai, apalagi di siang hari 🌊. Walaupun hari ini sempat hujan dan mendung, suasananya tetap enak untuk santai. Anginnya sejuk, ombaknya tenang, dan pemandangan lautnya masih bisa dinikmati 😌
Banyak perahu di pinggir pantai dan tersedia kursi untuk duduk-duduk. Cocok buat main air ringan atau sekadar menikmati suasana pantai. Tinggal jaga kebersihan supaya pantainya tetap nyaman 👍",pantai mutun memang cukup ramai siang hari walaupun hari sempat hujan mendung suasananya tetap enak santai anginnya sejuk ombaknya tenang pemandangan lautnya dinikmati banyak perahu pinggir pantai tersedia kursi dudukduduk cocok buat main air ringan sekadar menikmati suasana pantai tinggal jaga kebersihan pantainya tetap nyaman,pantai mutun memang cukup ramai siang hari walaupun hari sempat hujan mendung suasana tetap enak santai angin sejuk ombak tenang pandang laut nikmat banyak perahu pinggir pantai sedia kursi dudukduduk cocok buat main air ringan sekadar nikmat suasana pantai tinggal jaga bersih pantai tetap nyaman,positif
Omar Arif,4,sebulan lalu,Pantai yang indah di daerah Lampung...,pantai indah daerah lampung,pantai indah daerah lampung,netral
Tiaaa_ay,5,sebulan lalu,"Pantainya lumayan bagus, namun banyak kapal yang bersandar.",pantainya lumayan bagus banyak kapal bersandar,pantai lumayan bagus banyak kapal sandar,positif
Titin Aprily fatima,5,sebulan lalu,Bersih... Fasilitas lengkap,bersih fasilitas lengkap,bersih fasilitas lengkap,positif
Adinda Khairunnisa,5,sebulan lalu,"Kesini pas banget angin lagi kenceng, jadi sulit untuk foto2 karena bajunya terbang🤣 …",kesini pas banget angin kenceng jadi sulit foto bajunya terbang,kesini pas banget angin kenceng jadi sulit foto baju terbang,negatif
Zero's Business,1,sebulan lalu,"Harga tiket masuk ga konsisten, suka suka yang jaga loket tiket👎🏻 …",harga tiket masuk tidak konsisten suka suka jaga loket tiket,harga tiket masuk tidak konsisten suka suka jaga loket tiket,negatif
Tegar,3,sebulan lalu,"Tiket mahal, di dalem ada tukang parkir lg",tiket mahal dalem tukang parkir lg,tiket mahal dalem tukang parkir lg,negatif
Achmad Harir,5,sebulan lalu,"Pantai asiklah buat main air, anak2 juga aman. Walaupun rada kotor tapi worth lah buat pantai gratisan.
Bisa nyewa saung sama ban biar lebih enak mau main air atau nunggu aja",pantai asiklah buat main air anak aman walaupun rada kotor worth buat pantai gratisan nyewa saung sama ban biar lebih enak mau main air nunggu,pantai asiklah buat main air anak aman walaupun rada kotor worth buat pantai gratis nyewa saung sama ban biar lebih enak mau main air nunggu,netral
Peni Purwati,4,sebulan lalu,"Viewnya bagus sebenarnya tapi tempatnya kotor. Kesana minggu kemarin.. terlebih kamar mandinya sangat bau dan tidak mengalir menggenang di pintu masuk.
Keponakan saya terpeleset saat ke kamar mandi menggendong anaknya.
Semoga lebih ditingkatkan lagi kebersihannya.",viewnya bagus sebenarnya tempatnya kotor kesana minggu kemarin terlebih kamar mandinya sangat bau tidak mengalir menggenang pintu masuk keponakan terpeleset kamar mandi menggendong anaknya semoga lebih ditingkatkan kebersihannya,viewnya bagus benar tempat kotor kesana minggu kemarin lebih kamar mandi sangat bau tidak alir genang pintu masuk keponakan peleset kamar mandi gendong anak moga lebih tingkat bersih,netral
Ali Hamzah,4,2 bulan lalu,"Salah satu wisata bahari yang ada di provinsi lampung, tepatnya ada di kabupaten pesarawan, dengan pasir yang cukup bersih dan fasilitas juga cukup lengkap, mulai toilet, mushola dan banyak penjual makanan. Pantainya juga dilengkapi dengan dermaga, dan kita bisa menyewa perahu untuk mengelilingi pantai. Mungkin yang jadi catatan, jalan masuk ke pantai setelah jalan raya masih banyak yang rusak dan kalau malam minim penerangan.",salah satu wisata bahari provinsi lampung tepatnya kabupaten pesarawan pasir cukup bersih fasilitas cukup lengkap mulai toilet mushola banyak penjual makanan pantainya dilengkapi dermaga menyewa perahu mengelilingi pantai mungkin jadi catatan jalan masuk pantai jalan raya banyak rusak kalau malam minim penerangan,salah satu wisata bahari provinsi lampung tepat kabupaten pesarawan pasir cukup bersih fasilitas cukup lengkap mulai toilet mushola banyak jual makan pantai lengkap dermaga sewa perahu keliling pantai mungkin jadi catat jalan masuk pantai jalan raya banyak rusak kalau malam minim terang,positif
yasmika putri,1,2 bulan lalu,"Panas, banyak karang dan sampah. Pempers bayi pun ada, kok aneh banget ya",panas banyak karang sampah pempers bayi aneh banget,panas banyak karang sampah pempers bayi aneh banget,netral
Supri Yono,5,2 bulan lalu,Tempat nya sangat bagus cocok untuk sekeluarga,tempat sangat bagus cocok sekeluarga,tempat sangat bagus cocok keluarga,positif
Riyan Thama,5,2 bulan lalu,"Pantai nya keren ada hotel bintang 5 deket Pantai
Semoga bisa menjadi destinasi wisata internasional",pantai keren hotel bintang deket pantai semoga menjadi destinasi wisata internasional,pantai keren hotel bintang deket pantai moga jadi destinasi wisata internasional,positif
Sunni Purnomo,1,2 bulan lalu,Jelek tidak direkomendasikan,jelek tidak direkomendasikan,jelek tidak rekomendasi,negatif
Mama Kencana Kencini,4,2 bulan lalu,"Buat yg minimalis masalah keuangan tetep butuh air yang asin asin, bisa dikondisikan untuk pilih mutun yang belok ke yg kiri, recommended buat kaum mendang mending",buat minimalis masalah keuangan tetep butuh air asin asin dikondisikan pilih mutun belok kiri recommended buat kaum mendang mending,buat minimal masalah uang tetep butuh air asin asin kondisi pilih mutun belok kiri recommended buat kaum dang mending,positif
oktavia dewi,4,2 bulan lalu,Update terbaru pantai mutun 18.12.2025 bersih ada dermaga saksi bisu dan cocok untuk anak-anak main air karna ombaknya gak besar tapi minusnya kamar mandi airnya nyalanya kecil bgtt,update terbaru pantai mutun bersih dermaga saksi bisu cocok anakanak main air karna ombaknya tidak besar minusnya kamar mandi airnya nyalanya kecil bgtt,update baru pantai mutun bersih dermaga saksi bisu cocok anakanak main air karna ombak tidak besar minus kamar mandi air nyala kecil bgtt,netral
Haryadi Atlas,5,2 bulan lalu,Pantai mutun bandar lampung top 👍 …,pantai mutun bandar lampung top,pantai mutun bandar lampung top,positif
Abdul Latif SR,3,2 bulan lalu,Ke mutun 2 harus bayar juga di gerbang mutun 1,mutun bayar gerbang mutun,mutun bayar gerbang mutun,netral
Luthfi Riadina,2,2 bulan lalu,Mahal. Dikit2 bayar,mahal dikit bayar,mahal dikit bayar,negatif
Siti Aisyah,5,3 bulan lalu,"Pantai nya bagus,tempat wisata dan para angler para pemancing bnyak seru,!!!",pantai bagustempat wisata angler pemancing bnyak seru,pantai bagustempat wisata angler pancing bnyak seru,netral
arrakasta 1410,4,3 bulan lalu,salah satu tempat wisata bagus di Lampung,salah satu tempat wisata bagus lampung,salah satu tempat wisata bagus lampung,positif
Sutariyah,5,3 bulan lalu,pantainya enak untuk berenang anak2 serta lansia,pantainya enak berenang anak lansia,pantai enak renang anak lansia,positif
Pinkan Salsabila,4,Diedit 3 bulan lalu,"Baguss,bersihh",bagussbersihh,bagussbersihh,netral
Pieces the sun,5,3 bulan lalu,"- Viewnyaaa mayan bagusssslah🦦🦦
- Pasirnya enak
- Senja ketutupan bukit🙁 but still pretty🤩
-masuknya sekitar 30k? lupa🙂‍↕️
- kamar mandinya agak serem yh
- Sekitar 30 menit dari Balam
- akses ke sana udah aspal semuaa, dan juga beberapa ada nanjak yhh
- minus banyak kapal gais
- buat berenang oke si karena ombaknya santuy🌊🌊",viewnyaaa mayan bagusssslah pasirnya enak senja ketutupan bukit but still pretty masuknya k lupa kamar mandinya serem yh menit balam akses sana udah aspal semuaa beberapa nanjak yhh minus banyak kapal gais buat berenang oke si ombaknya santuy,viewnyaaa mayan bagusssslah pasir enak senja tutup bukit but still pretty masuk k lupa kamar mandi rem yh menit balam akses sana udah aspal semuaa beberapa nanjak yhh minus banyak kapal gais buat renang oke si ombak santuy,positif
Supras Setiawan,5,4 bulan lalu,Mantap..,mantap,mantap,positif
Ade Ria Septa utami,5,4 bulan lalu,"Pantai yang indah, jadi kangen lampung",pantai indah jadi kangen lampung,pantai indah jadi kangen lampung,netral
Inu Stiyevo,4,4 bulan lalu,Bersih. Lautnya berair jernih. Anak kecil bisa berenang.,bersih lautnya berair jernih anak kecil berenang,bersih laut air jernih anak kecil renang,positif
Agusman Rahmadi,5,5 bulan lalu,"Bersih, nyaman",bersih nyaman,bersih nyaman,positif
Alfarabi,4,5 bulan lalu,"Kalo kawan-kawan mau kesini dengan keluarga harus memperhatikan 3 hal :
Pantai Mutun itu ada 3 lokasi :
1. Lokasi yang masuknya tanpa palang gerbang alias dikelola warga lokal, akan dikenakan tarif 50 ribu per mobil (sudah termasuk orang2 yang ada di dalam mobil), lokasi pantainya sempit dan banyak banget orangnya kalo disini cocok untuk tipe orang ekstrovert
2. Lokasi yang masuknya ada palang keluar masuk mobil dan dipagar keliling pantainya. Tiket masuk aku dengan keluarga 3 orang tarifnya 65 ribu. Terus sewa gazebo 50 ribu. Pantainya bagus, pasirnya luas, lebih enak ketimbang yang pertama. Banyak permainan untuk dilautnya juga, banana boat dll.
3. Lokasi ke tiga ini aku belum pernah, tapi mirip2 dengan lokasi kedua.",kalau kawankawan mau kesini keluarga memperhatikan pantai mutun lokasi lokasi masuknya palang gerbang alias dikelola warga lokal dikenakan tarif ribu per mobil termasuk orang mobil lokasi pantainya sempit banyak banget orangnya kalau disini cocok tipe orang ekstrovert lokasi masuknya palang keluar masuk mobil dipagar keliling pantainya tiket masuk aku keluarga orang tarifnya ribu terus sewa gazebo ribu pantainya bagus pasirnya luas lebih enak ketimbang pertama banyak permainan dilautnya banana boat lokasi tiga aku belum pernah mirip lokasi kedua,kalau kawankawan mau kesini keluarga perhati pantai mutun lokasi lokasi masuk palang gerbang alias kelola warga lokal kena tarif ribu per mobil masuk orang mobil lokasi pantai sempit banyak banget orang kalau sini cocok tipe orang ekstrovert lokasi masuk palang keluar masuk mobil pagar keliling pantai tiket masuk aku keluarga orang tarif ribu terus sewa gazebo ribu pantai bagus pasir luas lebih enak ketimbang pertama banyak main laut banana boat lokasi tiga aku belum pernah mirip lokasi dua,positif
An toni,5,6 bulan lalu,"Pantai Mutun di Pesawaran, hanya sekitar 30–45 menit dari pusat Bandar Lampung, tampil memesona dengan pasir putihnya yang lembut dan laut jernih yang tenang — tempat yang sempurna untuk berenang atau bermain air bagi keluarga. Fasilitas di sana sangat lengkap: gazebo rindang, toilet, mushola, warung makanan, hingga lahan parkir yang luas, membuat kunjungan terasa nyaman. Di sana kamu juga bisa mencoba berbagai wahana seru seperti banana boat, jetski, hingga penyeberangan ke Pulau Tangkil. Tiket masuk dan tarif parkirnya masih sangat bersahabat di kantong. Dengan semua kelebihan itu, Mutun layak jadi destinasi liburan andalan akhir pekan — rindang, rileks, dan tetap terjangkau di Lampung.",pantai mutun pesawaran menit pusat bandar lampung tampil memesona pasir putihnya lembut laut jernih tenang tempat sempurna berenang bermain air keluarga fasilitas sana sangat lengkap gazebo rindang toilet mushola warung makanan hingga lahan parkir luas membuat kunjungan terasa nyaman sana kamu mencoba berbagai wahana seru banana boat jetski hingga penyeberangan pulau tangkil tiket masuk tarif parkirnya sangat bersahabat kantong semua kelebihan mutun layak jadi destinasi liburan andalan akhir pekan rindang rileks tetap terjangkau lampung,pantai mutun sawar menit pusat bandar lampung tampil pesona pasir putih lembut laut jernih tenang tempat sempurna renang main air keluarga fasilitas sana sangat lengkap gazebo rindang toilet mushola warung makan hingga lahan parkir luas buat kunjung asa nyaman sana kamu coba bagai wahana seru banana boat jetski hingga seberang pulau tangkil tiket masuk tarif parkir sangat sahabat kantong semua lebih mutun layak jadi destinasi libur andal akhir pekan rindang rileks tetap jangkau lampung,positif
Elisia Calistaa,1,6 bulan lalu,"Pantainya bagus, cuma banyak sampahnya. Jadi hilang keindahannya karena sampah.

Dan pengawasnya gak jelas. Nyuruh motor saya parkir di tempat parkir, tapi banyak pengunjung serta pengawas lain parkir di samping dan sebelah gazebo. Saya ditegur karena memindahkan motor saya ke dekat gazebo, namun saya bertanya ke pengawas ""kamu negor saya, kenapa ngga negor mereka?"" (Sambil menunjuk motor yang parkirnya disamping gasebo). Dan jawabannya ""Karena gak keliatan BOS""... Bro, maksud saya kalo emang parkirnya di tempat parkir, ya motor motor mereka juga harus disanalah. Cuma karena ""GAK DILIAT BOS dan DILIAT BOS"" Penjilat lu bang? Mikir bang",pantainya bagus cuma banyak sampahnya jadi hilang keindahannya sampah pengawasnya tidak jelas nyuruh motor parkir tempat parkir banyak pengunjung pengawas parkir samping sebelah gazebo ditegur memindahkan motor dekat gazebo bertanya pengawas kamu negor ngga negor menunjuk motor parkirnya disamping gasebo jawabannya tidak keliatan bos bro maksud kalau emang parkirnya tempat parkir motor motor disanalah cuma tidak diliat bos diliat bos penjilat lu bang mikir bang,pantai bagus cuma banyak sampah jadi hilang indah sampah awas tidak jelas nyuruh motor parkir tempat parkir banyak unjung awas parkir samping belah gazebo tegur pindah motor dekat gazebo tanya awas kamu negor ngga negor tunjuk motor parkir samping gasebo jawab tidak liat bos bro maksud kalau emang parkir tempat parkir motor motor sana cuma tidak liat bos liat bos jilat lu bang mikir bang,negatif
Ema Lia,4,6 bulan lalu,pantai sedikit ada sampah tetapi pantai nya bagus sekali,pantai sedikit sampah pantai bagus sekali,pantai sedikit sampah pantai bagus sekali,positif
Valery Ery,1,6 bulan lalu,"Hari hati teman masuk parkiran pantai mutun, sudah bayar 70 ribu, tapi masih ada insiden seperti ini… kecewa dengan oknum di sana👎 …",hari hati teman masuk parkiran pantai mutun bayar ribu insiden kecewa oknum sana,hari hati teman masuk parkir pantai mutun bayar ribu insiden kecewa oknum sana,negatif
Lutfiya Fakhira,4,6 bulan lalu,Lumayan bagus tapi ramenya itulohh ya weekend sih waktu kesini juga wajar,lumayan bagus ramenya itulohh weekend waktu kesini wajar,lumayan bagus ramenya itulohh weekend waktu kesini wajar,positif
yang liu,4,Diedit 7 bulan lalu,"Ada pantai umum tepat di sebelah pantai pribadi, Anda hanya perlu tetap di kiri sepanjang jalan.",pantai umum tepat sebelah pantai pribadi perlu tetap kiri sepanjang jalan,pantai umum tepat belah pantai pribadi perlu tetap kiri panjang jalan,netral
Fahmi Maulana,1,7 bulan lalu,"Kami datang jam 6 pagi, belum ada yang pungutan apapun. Karna kurang puas sama pantainya, kami mutusin buat cabut, cari pantai lain. Ehh pas keluar ada yang minta 150k buat 3 orang 😡  (walau dibalikin lagi 50k sih).

Pantainya biasa aja, banyak yang jauh lebih bagus. Ombaknya terlalu tenang, airnya nggak terlalu jernih, banyak kapal.

Kalau begini doang 50k per orang (belum parkir, kamar mandi, dll) sih, kemahalan 🙂‍↔️🙂‍↔️",datang jam pagi belum pungutan apapun karna kurang puas sama pantainya mutusin buat cabut cari pantai ehh pas keluar minta k buat orang dibalikin k pantainya biasa banyak jauh lebih bagus ombaknya terlalu tenang airnya tidak terlalu jernih banyak kapal kalau begini doang k per orang belum parkir kamar mandi kemahalan,datang jam pagi belum pungut apa karna kurang puas sama pantai mutusin buat cabut cari pantai ehh pas keluar minta k buat orang dibalikin k pantai biasa banyak jauh lebih bagus ombak terlalu tenang air tidak terlalu jernih banyak kapal kalau begini doang k per orang belum parkir kamar mandi mahal,negatif
May Soraya,3,7 bulan lalu,"Tlong donk pihak pengelola mutun dan warga sekitar,kerang ,sampah atau apapun yg ada dipantai di bersihin,kmren brenang ga nyaman bnyk bnyk karang kecil2 GT,ada yg agak besar juga kalo ,ga nyaman bg brenangnya👌 …",tlong donk pihak pengelola mutun warga sekitarkerang sampah apapun dipantai bersihinkmren brenang tidak nyaman bnyk bnyk karang kecil gtada besar kalau tidak nyaman bg brenangnya,tlong donk pihak kelola mutun warga sekitarkerang sampah apa pantai bersihinkmren brenang tidak nyaman bnyk bnyk karang kecil gtada besar kalau tidak nyaman bg brenangnya,netral
Meihendri Hasnadi,4,7 bulan lalu,"Pantai nya bagus, sayang rada kotor",pantai bagus sayang rada kotor,pantai bagus sayang rada kotor,netral
philokalist,4,8 bulan lalu,"Pantai lumayan  mudah diakses, ada ruang ganti dan bilas.
Pantai lumayan cocok untuk keluarga dan bisa berenang juga.
Ada banyak gazebo untuk bersantai, bisa menikmati pemandangan dengan nyaman jika kondisi tidak terlalu ramai (karena jika ramai banyak yg bawa speaker sendiri dan pasang musik sesukanya dengan volume ala konser)",pantai lumayan mudah diakses ruang ganti bilas pantai lumayan cocok keluarga berenang banyak gazebo bersantai menikmati pemandangan nyaman kondisi tidak terlalu ramai ramai banyak bawa speaker sendiri pasang musik sesukanya volume ala konser,pantai lumayan mudah akses ruang ganti bilas pantai lumayan cocok keluarga renang banyak gazebo santa nikmat pandang nyaman kondisi tidak terlalu ramai ramai banyak bawa speaker sendiri pasang musik suka volume ala konser,netral
Welly Mukti,5,8 bulan lalu,rumah yang indah dan nyaman,rumah indah nyaman,rumah indah nyaman,positif
niken susanti,3,8 bulan lalu,Kenapa sekarang jadi kotor...,sekarang jadi kotor,sekarang jadi kotor,negatif
heri sumardi,4,Diedit 8 bulan lalu,Aman dan nyaman untuk anak-anak berenang dan bermain pasir,aman nyaman anakanak berenang bermain pasir,aman nyaman anakanak renang main pasir,positif
akhmad kurniawan,5,8 bulan lalu,Bagus,bagus,bagus,positif
Wigita Nana,1,8 bulan lalu,"Tiket masuk mahal 35rb,mobil 10rb,parkir masih byr lagi,duduk bayar 100rb,nyebrang byr 200rb,ya cukup sekali ajalah kesini.",tiket masuk mahal rbmobil rbparkir byr lagiduduk bayar rbnyebrang byr rbya cukup sekali ajalah kesini,tiket masuk mahal rbmobil rbparkir byr lagiduduk bayar rbnyebrang byr rbya cukup sekali aja kesini,negatif
Ade Rinaldi,4,8 bulan lalu,Bagus cuma tempat bermain anak terbatas karena kedalaman pantai,bagus cuma tempat bermain anak terbatas kedalaman pantai,bagus cuma tempat main anak batas dalam pantai,positif
Venna fatika,5,8 bulan lalu,"Pantainya bersih, ombaknya ga terlalu besar cocok untuk bawa keluarga yang masih punya anak² kecil,",pantainya bersih ombaknya tidak terlalu besar cocok bawa keluarga punya anak kecil,pantai bersih ombak tidak terlalu besar cocok bawa keluarga punya anak kecil,netral
Nas Wandi,5,8 bulan lalu,Pantai selalu ramai di weekend,pantai selalu ramai weekend,pantai selalu ramai weekend,netral
Muharam Agustriawan,5,8 bulan lalu,"Pantai disini cocok untk anak-anak, karena ombak nya g terlalu besar",pantai disini cocok untk anakanak ombak g terlalu besar,pantai sini cocok untk anakanak ombak g terlalu besar,netral
Ichwan Chafidhuddin,5,9 bulan lalu,"Bawa rombongan dari jogja , kesini",bawa rombongan jogja kesini,bawa rombong jogja kesini,netral
Julia Yurif,5,Diedit 9 bulan lalu,"Pantainya baguss, lumayan rapi, kalau lagi hari liburr beehh rame betul wkwkk, better pas bukan hari libur, tapiiiiiii bintang 5 buat bapak yang punya perahu iniiii super ramah, jago ngefotoin",pantainya baguss lumayan rapi kalau hari liburr beehh rame betul wkwkk better pas bukan hari libur tapiiiiiii bintang buat bapak punya perahu iniiii super ramah jago ngefotoin,pantai baguss lumayan rapi kalau hari liburr beehh rame betul wkwkk better pas bukan hari libur tapiiiiiii bintang buat bapak punya perahu iniiii super ramah jago ngefotoin,positif
Riza Budiarto,5,9 bulan lalu,Sangat bagus. Apalagi kalau dikelola lebih baik.,sangat bagus kalau dikelola lebih baik,sangat bagus kalau kelola lebih baik,positif
Era Ladyna,4,9 bulan lalu,"Tiket 35.000, naik banana boat dan donat boat 30.000, banyak kapal bersandar, buat nyebrang pulau.. Kesini sore hari, ombak tidak besar..",tiket naik banana boat donat boat banyak kapal bersandar buat nyebrang pulau kesini sore hari ombak tidak besar,tiket naik banana boat donat boat banyak kapal sandar buat nyebrang pulau kesini sore hari ombak tidak besar,negatif
Sabar Ibrahim,2,9 bulan lalu,"Saya mengunjungi Pantai Mutun bersama rombongan anak-anak TK As Salam Sendangagung dari Lampung Tengah dengan harapan bisa menikmati suasana pantai yang menyenangkan. Namun, sayangnya, kondisi di lapangan sangat jauh dari harapan.

Air lautnya keruh dan kotor, bahkan terlihat seperti tidak pernah dibersihkan. Kebersihan secara umum juga sangat kurang terjaga. Banyak area yang tampak tidak terawat, dengan fasilitas yang tampaknya dibiarkan begitu saja.

Perjalanan jauh dari Lampung Tengah terasa sia-sia karena pantai ini tidak memberikan pengalaman yang layak untuk direkomendasikan, apalagi untuk anak-anak kecil yang butuh tempat bersih dan aman untuk bermain.

Sangat disayangkan, padahal Pantai Mutun dulu dikenal cukup baik. Tapi sekarang, kondisinya tidak lagi layak untuk jadi destinasi wisata keluarga.",mengunjungi pantai mutun bersama rombongan anakanak tk as salam sendangagung lampung tengah harapan menikmati suasana pantai menyenangkan sayangnya kondisi lapangan sangat jauh harapan air lautnya keruh kotor bahkan terlihat tidak pernah dibersihkan kebersihan umum sangat kurang terjaga banyak area tampak tidak terawat fasilitas tampaknya dibiarkan perjalanan jauh lampung tengah terasa siasia pantai tidak memberikan pengalaman layak direkomendasikan anakanak kecil butuh tempat bersih aman bermain sangat disayangkan padahal pantai mutun dulu dikenal cukup baik sekarang kondisinya tidak layak jadi destinasi wisata keluarga,unjung pantai mutun sama rombong anakanak tk as salam sendangagung lampung tengah harap nikmat suasana pantai senang sayang kondisi lapang sangat jauh harap air laut keruh kotor bahkan lihat tidak pernah bersih bersih umum sangat kurang jaga banyak area tampak tidak awat fasilitas tampak biar jalan jauh lampung tengah asa siasia pantai tidak beri alam layak rekomendasi anakanak kecil butuh tempat bersih aman main sangat sayang padahal pantai mutun dulu kenal cukup baik sekarang kondisi tidak layak jadi destinasi wisata keluarga,negatif
Octarina Ningrum,5,9 bulan lalu,"Fasilitas seperti pondok² tolong diperhatikan sudah banyak yg rusak..
Kebersihan kamar mandi jg, kalo sudah ramai pengunjung banyak bau² kurang enak",fasilitas pondok diperhatikan banyak rusak kebersihan kamar mandi jg kalau ramai pengunjung banyak bau kurang enak,fasilitas pondok perhati banyak rusak bersih kamar mandi jg kalau ramai unjung banyak bau kurang enak,positif
alife bata,5,Diedit 9 bulan lalu,"Pantai Mutun memang menawarkan pesona alam yang cukup menarik untuk dikunjungi. Dengan tiket masuk yang terbilang standar di angka Rp 35.000 per orang, ekspektasi akan pengalaman pantai yang menyenangkan tentu ada.

Sayangnya, sedikit pengalaman kurang mengenakkan justru datang dari area parkir. Meskipun tiket masuk sudah dibayar, kami masih diminta sejumlah uang parkir oleh petugas yang terasa tidak resmi. Ya, situasinya mirip seperti parkir di minimarket, di mana tarifnya ""seikhlasnya"". Jujur, ini menimbulkan sedikit kebingungan dan pertanyaan soal pengelolaan area pantai. Meskipun nominalnya mungkin tidak besar, praktik ini terasa kurang transparan dan bisa mengurangi kenyamanan pengunjung.

Untuk kelebihannya, Pantai Mutun sendiri cukup layak untuk dinikmati. Pemandangan lautnya lumayan indah, dengan pasir putih yang lembut di beberapa bagian. Ombaknya pun cenderung tenang, sehingga aman untuk bermain air, terutama bagi anak-anak. Tersedia juga pilihan untuk menyewa gazebo dengan harga berkisar antara Rp 100.000 hingga Rp 150.000. Gazebo ini tentu menjadi pilihan yang nyaman untuk bersantai bersama keluarga atau teman sambil menikmati pemandangan pantai.

Secara keseluruhan, Pantai Mutun punya potensi yang baik. Keindahan alamnya patut diapresiasi, dan fasilitas gazebo yang disewakan juga menambah kenyamanan. Namun, urusan parkir yang ""seikhlasnya"" ini perlu menjadi perhatian pengelola. Akan lebih baik jika ada tarif parkir resmi yang jelas, sehingga pengunjung tidak merasa ambigu dan lebih nyaman sejak awal kedatangan.

Rekomendasi:

Siapkan uang tunai lebih untuk biaya parkir ""seikhlasnya"".
Sewa gazebo jika Anda datang bersama rombongan atau ingin bersantai lebih lama.
Nikmati keindahan pantai dan ombaknya yang tenang.
Semoga pengalaman Anda di Pantai Mutun tetap menyenangkan, meskipun ada sedikit ""kejutan"" di area parkir.",pantai mutun memang menawarkan pesona alam cukup menarik dikunjungi tiket masuk terbilang standar angka rp per orang ekspektasi pengalaman pantai menyenangkan sayangnya sedikit pengalaman kurang mengenakkan justru datang area parkir meskipun tiket masuk dibayar diminta sejumlah uang parkir petugas terasa tidak resmi situasinya mirip parkir minimarket mana tarifnya seikhlasnya jujur menimbulkan sedikit kebingungan pertanyaan soal pengelolaan area pantai meskipun nominalnya mungkin tidak besar praktik terasa kurang transparan mengurangi kenyamanan pengunjung kelebihannya pantai mutun sendiri cukup layak dinikmati pemandangan lautnya lumayan indah pasir putih lembut beberapa bagian ombaknya cenderung tenang aman bermain air terutama anakanak tersedia pilihan menyewa gazebo harga berkisar rp hingga rp gazebo menjadi pilihan nyaman bersantai bersama keluarga teman menikmati pemandangan pantai keseluruhan pantai mutun punya potensi baik keindahan alamnya patut diapresiasi fasilitas gazebo disewakan menambah kenyamanan urusan parkir seikhlasnya perlu menjadi perhatian pengelola lebih baik tarif parkir resmi jelas pengunjung tidak merasa ambigu lebih nyaman sejak awal kedatangan rekomendasi siapkan uang tunai lebih biaya parkir seikhlasnya sewa gazebo datang bersama rombongan bersantai lebih lama nikmati keindahan pantai ombaknya tenang semoga pengalaman pantai mutun tetap menyenangkan meskipun sedikit kejutan area parkir,pantai mutun memang tawar pesona alam cukup tarik kunjung tiket masuk bilang standar angka rp per orang ekspektasi alam pantai senang sayang sedikit alam kurang enak justru datang area parkir meski tiket masuk bayar minta jumlah uang parkir tugas asa tidak resmi situasi mirip parkir minimarket mana tarif ikhlas jujur timbul sedikit bingung tanya soal kelola area pantai meski nominal mungkin tidak besar praktik asa kurang transparan kurang nyaman unjung lebih pantai mutun sendiri cukup layak nikmat pandang laut lumayan indah pasir putih lembut beberapa bagi ombak cenderung tenang aman main air utama anakanak sedia pilih sewa gazebo harga kisar rp hingga rp gazebo jadi pilih nyaman santa sama keluarga teman nikmat pandang pantai seluruh pantai mutun punya potensi baik indah alam patut apresiasi fasilitas gazebo sewa tambah nyaman urus parkir ikhlas perlu jadi perhati kelola lebih baik tarif parkir resmi jelas unjung tidak rasa ambigu lebih nyaman sejak awal datang rekomendasi siap uang tunai lebih biaya parkir ikhlas sewa gazebo datang sama rombong santa lebih lama nikmat indah pantai ombak tenang moga alam pantai mutun tetap senang meski sedikit kejut area parkir,positif
Caecilia Anabella,5,Diedit 9 bulan lalu,"Sedikit kotor tapi masih jernih, sayang nya pada saat kesana sedang pasang",sedikit kotor jernih sayang kesana sedang pasang,sedikit kotor jernih sayang kesana sedang pasang,negatif
SATRIA,5,9 bulan lalu,Di sini pantainya bagus dan indah,sini pantainya bagus indah,sini pantai bagus indah,positif
Muhamad jidan maulana Jidanmaulana,4,10 bulan lalu,Bagus,bagus,bagus,positif
Pak Djo,5,10 bulan lalu,"Pantai di Lampung ,suasananya tenang ,pas untuk rekreasi keluarga. Pemandangan di sore hari,sangat menyegarkan ,pas utk melepas penat setelah sibuk mencari nafkah.👍🙏😇🥰 …",pantai lampung suasananya tenang pas rekreasi keluarga pemandangan sore harisangat menyegarkan pas melepas penat sibuk mencari nafkah,pantai lampung suasana tenang pas rekreasi keluarga pandang sore harisangat segar pas lepas penat sibuk cari nafkah,netral
Leri Antoni,5,10 bulan lalu,Mantap,mantap,mantap,positif
erdhani yasit,1,10 bulan lalu,"Pantai nya kotor tiket mahal
Masuk 40
Sewa gazebo 100
Sewa tikar 30
Sangat menyesal",pantai kotor tiket mahal masuk sewa gazebo sewa tikar sangat menyesal,pantai kotor tiket mahal masuk sewa gazebo sewa tikar sangat sesal,negatif
Agusman Ruslan,5,10 bulan lalu,Rame,rame,rame,netral
Chel,2,11 bulan lalu,"Maaf gak banyak ambil foto dilokasi, semoga review ini bisa membantu.

Yang dibayar di gerbang masuk (wajib):
1. Tiket masuk: Rp35.000/orang (dewasa dan anak-anak sama)
2. Parkir mobil pribadi: Rp10.000/mobil

Biaya tambahan di dalam lokasi wisata (opsional, tergantung aktivitas):
3. Sewa gazebo: Mulai dari Rp50.000 (ukuran kecil) hingga Rp200.000 (ukuran besar)
4. Kamar mandi/toilet: Rp3.000/orang
5. Sewa kapal: Rp200.000/kapal (maks. 10 orang dewasa, sistem sewa per kapal, bukan per orang)
6. Tiket masuk ke pulau (jika menyeberang): Rp10.000/orang
7. Tiket masuk ke area pantai dengan perosotan: Rp10.000/orang
8. Sewa kano: Rp35.000/jam
9. Banana Boat: Rp25.000/orang (maks. 7 orang dewasa)
10. Rolling Donat: Rp25.000/orang (maks. 6 orang dewasa)

Perlu diperhatikan bahwa beberapa biaya bersifat wajib dan lainnya tergantung aktivitas yang dipilih. Jadi, sebaiknya siapkan dana tambahan jika ingin menikmati semua fasilitas.

Jadi bisa dihitung sendiri ya bapak/ibu disesuaikan dengan kebutuhan.

Saya berkunjung ke Pantai Mutun 2 pada hari Sabtu, 12 April 2025 bersama keluarga. Saat itu kondisi pantai cukup ramai, namun masih nyaman untuk dinikmati. Awalnya kami datang ke area dekat dermaga (gratis masuk, parkir Rp50.000/mobil), namun lokasi tersebut lebih cocok untuk wisatawan yang ingin menyeberang ke pulau, bukan untuk bermain di pantai, jadi kami memutuskan pindah ke area Pantai Mutun 2.

Garis pantainya ternyata cukup panjang dan bersebelahan langsung dengan Hotel Marriot Lampung. Ada area yang bersih dari karang dan cocok untuk bermain air, sayangnya malah digunakan sebagai tempat parkir kapal. Semoga ke depannya pengelola bisa menata area ini lebih baik agar pengunjung lebih leluasa berenang, apalagi harga tiket masuknya sudah cukup tinggi (dan belum ada perubahan dari keluhan serupa di review sebelumnya).

Fasilitas di dalam cukup lengkap: ada penjual makanan dan minuman dengan harga relatif terjangkau, musholla kecil tapi bersih, toilet dan kamar mandi cukup banyak, serta penjual baju dan suvenir juga tersedia.

Untuk sekadar bersantai dan menikmati suasana, tempat ini cukup nyaman dan adem, terutama di area yang banyak pepohonan. Namun, kalau ingin berenang, sebaiknya menyeberang ke pulau yang airnya lebih jernih dan minim karang.

Terima kasih.",maaf tidak banyak ambil foto dilokasi semoga review membantu dibayar gerbang masuk wajib tiket masuk rporang dewasa anakanak sama parkir mobil pribadi rpmobil biaya tambahan lokasi wisata opsional tergantung aktivitas sewa gazebo mulai rp ukuran kecil hingga rp ukuran besar kamar manditoilet rporang sewa kapal rpkapal maks orang dewasa sistem sewa per kapal bukan per orang tiket masuk pulau menyeberang rporang tiket masuk area pantai perosotan rporang sewa kano rpjam banana boat rporang maks orang dewasa rolling donat rporang maks orang dewasa perlu diperhatikan beberapa biaya bersifat wajib lainnya tergantung aktivitas dipilih jadi sebaiknya siapkan dana tambahan menikmati semua fasilitas jadi dihitung sendiri bapakibu disesuaikan kebutuhan berkunjung pantai mutun hari sabtu april bersama keluarga kondisi pantai cukup ramai nyaman dinikmati awalnya datang area dekat dermaga gratis masuk parkir rpmobil lokasi tersebut lebih cocok wisatawan menyeberang pulau bukan bermain pantai jadi memutuskan pindah area pantai mutun garis pantainya ternyata cukup panjang bersebelahan langsung hotel marriot lampung area bersih karang cocok bermain air sayangnya malah digunakan tempat parkir kapal semoga depannya pengelola menata area lebih baik pengunjung lebih leluasa berenang harga tiket masuknya cukup tinggi belum perubahan keluhan serupa review sebelumnya fasilitas cukup lengkap penjual makanan minuman harga relatif terjangkau musholla kecil bersih toilet kamar mandi cukup banyak penjual baju suvenir tersedia sekadar bersantai menikmati suasana tempat cukup nyaman adem terutama area banyak pepohonan kalau berenang sebaiknya menyeberang pulau airnya lebih jernih minim karang terima kasih,maaf tidak banyak ambil foto lokasi moga review bantu bayar gerbang masuk wajib tiket masuk rporang dewasa anakanak sama parkir mobil pribadi rpmobil biaya tambah lokasi wisata opsional gantung aktivitas sewa gazebo mulai rp ukur kecil hingga rp ukur besar kamar manditoilet rporang sewa kapal rpkapal maks orang dewasa sistem sewa per kapal bukan per orang tiket masuk pulau seberang rporang tiket masuk area pantai perosot rporang sewa kano rpjam banana boat rporang maks orang dewasa rolling donat rporang maks orang dewasa perlu perhati beberapa biaya sifat wajib lain gantung aktivitas pilih jadi baik siap dana tambah nikmat semua fasilitas jadi hitung sendiri bapakibu sesuai butuh kunjung pantai mutun hari sabtu april sama keluarga kondisi pantai cukup ramai nyaman nikmat awal datang area dekat dermaga gratis masuk parkir rpmobil lokasi sebut lebih cocok wisatawan seberang pulau bukan main pantai jadi putus pindah area pantai mutun garis pantai nyata cukup panjang bahan langsung hotel marriot lampung area bersih karang cocok main air sayang malah guna tempat parkir kapal moga depan kelola tata area lebih baik unjung lebih leluasa renang harga tiket masuk cukup tinggi belum ubah keluh rupa review belum fasilitas cukup lengkap jual makan minum harga relatif jangkau musholla kecil bersih toilet kamar mandi cukup banyak jual baju suvenir sedia sekadar santa nikmat suasana tempat cukup nyaman adem utama area banyak pohon kalau renang baik seberang pulau air lebih jernih minim karang terima kasih,positif
DonSjbt,5,11 bulan lalu,Tempat yang bagus,tempat bagus,tempat bagus,positif
Finoto Aji,1,11 bulan lalu,g bagusss,g bagusss,g bagusss,netral
Daud Sudrajat,5,11 bulan lalu,Mantap,mantap,mantap,positif
Waluyo HINO Chanel,2,11 bulan lalu,"Memang harus extra... Lumayan untuk tiketnya... Nyebrang, biaya sewa gazebo.. Tiket lagi di pulau...
Tiket masuk 35.000
Gazebo 50.000
Kapal 200.000
Tiket pulau 10.000
Mandi 5.000
Kondisi pantainya kurang rapi dan bersih..",memang extra lumayan tiketnya nyebrang biaya sewa gazebo tiket pulau tiket masuk gazebo kapal tiket pulau mandi kondisi pantainya kurang rapi bersih,memang extra lumayan tiket nyebrang biaya sewa gazebo tiket pulau tiket masuk gazebo kapal tiket pulau mandi kondisi pantai kurang rapi bersih,netral
Sukma wati,1,setahun lalu,"Biaya masuk mahal
Jalan ny jelek
Kebersihan ga terjaga

Ga ad apa”",biaya masuk mahal jalan ny jelek kebersihan tidak terjaga tidak ad apa,biaya masuk mahal jalan ny jelek bersih tidak jaga tidak ad apa,negatif
Ihsan al Wafi,1,setahun lalu,"mahal,pungli,toilet bau pakai air sawah,jangan kesini lagi",mahalpunglitoilet bau pakai air sawahjangan kesini,mahalpunglitoilet bau pakai air sawahjangan kesini,netral
Muhamad Ridho aulia,1,setahun lalu,"Mahal,petugas ngambil untung,bilas di toilet pakai air sawah",mahalpetugas ngambil untungbilas toilet pakai air sawah,mahalpetugas ngambil untungbilas toilet pakai air sawah,netral
Ahmad Mishbahuddin,1,setahun lalu,"MAHAL,BILAS PAKAI AIR SAWAH DI TOILET NYA,JANGAN KESINI",mahalbilas pakai air sawah toilet nyajangan kesini,mahalbilas pakai air sawah toilet nyajangan kesini,netral
qorib alFath,5,Diedit setahun lalu,"Pantainya indah.. Aksesnya lancar..
Htm 35rb perorang, parkir mobil 10rb.
Nyebrang ke pulau tangkil 200rb (minta bonus keliling pulau tangkil jgn lupa, pasti dikasih)
Htm pulau tangkilnya 10rb perorang..",pantainya indah aksesnya lancar htm rb perorang parkir mobil rb nyebrang pulau tangkil rb minta bonus keliling pulau tangkil jgn lupa dikasih htm pulau tangkilnya rb perorang,pantai indah akses lancar htm rb orang parkir mobil rb nyebrang pulau tangkil rb minta bonus keliling pulau tangkil jgn lupa kasih htm pulau tangkil rb orang,netral
dodo franca,4,setahun lalu,"Harusnya ini bisa lebih bagus, potensi wisata yg cukup menjajikan, tetapi ini juga berpotensi menberikan pengalaman buruk karena parkir kurang luas, pantai nya lumayan banyak sampah",harusnya lebih bagus potensi wisata cukup menjajikan berpotensi menberikan pengalaman buruk parkir kurang luas pantai lumayan banyak sampah,harus lebih bagus potensi wisata cukup menjajikan potensi menberikan alam buruk parkir kurang luas pantai lumayan banyak sampah,negatif
Almas Kaulika,3,setahun lalu,"mending nyabrang ke tangkil, wc nya jorok ngantri, ga nyaman.",mending nyabrang tangkil wc jorok ngantri tidak nyaman,mending nyabrang tangkil wc jorok ngantri tidak nyaman,netral
Anung Nurselo,2,Diedit setahun lalu,Pantai biasa saja.... Yg luar biasa untuk parkir.... Dengan tiket retribusi yg ga jelas... Tiket bekas....,pantai biasa luar biasa parkir tiket retribusi tidak jelas tiket bekas,pantai biasa luar biasa parkir tiket retribusi tidak jelas tiket bekas,negatif
Sutris No,4,setahun lalu,Pernah Kesitu saat lulusan SD pariwisata,pernah kesitu lulusan sd pariwisata,pernah kesitu lulus sd pariwisata,netral
Ivan Kezuma,5,setahun lalu,"Cocok buat liburan anak2,ombak ny tenang. Syang ny mo du2k d saung hrs nyewa,bda sm pntai sblah. Free",cocok buat liburan anakombak ny tenang syang ny mo duk d saung hrs nyewabda sm pntai sblah free,cocok buat libur anakombak ny tenang syang ny mo duk d saung hrs nyewabda sm pntai sblah free,netral
Arleo Desnando,5,setahun lalu,"bagus, cuma lebih bagus nyebrang pulau tangkil nya. pasir nya luas, cocok untuk anak anak bermain. tapi untuk yang di ujung pulau tolong dong sampah nya dibersihkan. banyak pecahan botol, jdi ngeri mau jalan. sampah betaburan di air (khusus di ujung pulau tangkil) untuk sekitaran palang pulau sih aman. view bagus, penjual makanan banyak. keamanan oke, selalu diperingati kalau ada yg melewati batas saat mandi di pantai nya.",bagus cuma lebih bagus nyebrang pulau tangkil pasir luas cocok anak anak bermain ujung pulau sampah dibersihkan banyak pecahan botol jdi ngeri mau jalan sampah betaburan air khusus ujung pulau tangkil sekitaran palang pulau aman view bagus penjual makanan banyak keamanan oke selalu diperingati kalau melewati batas mandi pantai,bagus cuma lebih bagus nyebrang pulau tangkil pasir luas cocok anak anak main ujung pulau sampah bersih banyak pecah botol jdi ngeri mau jalan sampah betaburan air khusus ujung pulau tangkil sekitar palang pulau aman view bagus jual makan banyak aman oke selalu ingat kalau lewat batas mandi pantai,positif
Juli Desi Irene Lumbanbatu,5,setahun lalu,"Suka saya, bayar gak terlalu mahal dan pasirnya dari semua area bagus",suka bayar tidak terlalu mahal pasirnya semua area bagus,suka bayar tidak terlalu mahal pasir semua area bagus,negatif
Marnina Mustika Ayu,3,setahun lalu,Kurang terawat saja,kurang terawat,kurang awat,negatif
Susan Arisanti,3,setahun lalu,Apa apa duit padahal udah bayar tiket masuk 😌 …,apa apa duit padahal udah bayar tiket masuk,apa apa duit padahal udah bayar tiket masuk,netral
Ehsanur_ Hasanudin,3,setahun lalu,Banyak kenangan,banyak kenangan,banyak kenang,netral
Amethy Sayyara,5,setahun lalu,Asik tuk menemani anak² mandi di pinggir pantai,asik tuk menemani anak mandi pinggir pantai,asik tuk tani anak mandi pinggir pantai,netral
auto game99,1,setahun lalu,Tolong pak tempat solatnya kasian yang mau sholat,pak tempat solatnya kasian mau sholat,pak tempat solatnya kasi mau sholat,netral
retno yuliati,4,setahun lalu,"Sejujurnya pantainya lumayan oke, toilet bersih. Alangkah baiknya jika kapal2 disekitar pantai ditertibkan,agak mengganggu yg berenang. Sebaiknya sih ada space/ dermaga khusus untuk kapal2 ini. Belum lg dr parkiran sudah ditunggu2 oleh pemilik kapal yg menawarkan paket ke pulau2 sekitar. Setiap jalan ada lagi yg menawari. Ada baiknya jika pemilik2 kapal ini diorganisir, dilayani satu pintu. Jadi, satu loket saja untuk pelayanan ke pulau2, jetski, dan permainan2 lain. Atau lebih baik lg jika ada jam2 khusus menuju pulau, jadi dikenakan tiket per orang alih2 sistem Carter! Halow Pemda terkait, semoga anda membaca review ini.  Kondisi alam anda terlalu baguus,sayang jika dikelola kurang profesional. Mungkin bisa dimulai dari studi banding.  Maaf klo saya harsh, saya cuma ingin punya kebanggan sbg putra Lampung! Salam Sang Bumi Ruwa Jurai!",sejujurnya pantainya lumayan oke toilet bersih alangkah baiknya kapal disekitar pantai ditertibkanagak mengganggu berenang sebaiknya space dermaga khusus kapal belum lg parkiran ditunggu pemilik kapal menawarkan paket pulau jalan menawari baiknya pemilik kapal diorganisir dilayani satu pintu jadi satu loket pelayanan pulau jetski permainan lebih baik lg jam khusus menuju pulau jadi dikenakan tiket per orang alih sistem carter halow pemda terkait semoga membaca review kondisi alam terlalu baguussayang dikelola kurang profesional mungkin dimulai studi banding maaf klo harsh cuma punya kebanggan sbg putra lampung salam sang bumi ruwa jurai,jujur pantai lumayan oke toilet bersih alangkah baik kapal sekitar pantai ditertibkanagak ganggu renang baik space dermaga khusus kapal belum lg parkir tunggu milik kapal tawar paket pulau jalan tawar baik milik kapal organisir layan satu pintu jadi satu loket layan pulau jetski main lebih baik lg jam khusus tuju pulau jadi kena tiket per orang alih sistem carter halow pemda kait moga baca review kondisi alam terlalu baguussayang kelola kurang profesional mungkin mulai studi banding maaf klo harsh cuma punya banggan sbg putra lampung salam sang bumi ruwa jurai,positif
elly salim,5,setahun lalu,Pantai bisa buat anak-anak main pasir dan berenang. Tiket masuk nya 35.000 per org. Sewa pondokan 100-200 rb per pondok.,pantai buat anakanak main pasir berenang tiket masuk per org sewa pondokan rb per pondok,pantai buat anakanak main pasir renang tiket masuk per org sewa pondok rb per pondok,netral
Sulaeman Salman,4,setahun lalu,"Bagus untuk keluarga, ramah, 35 rb perorang, mobil 10 rb,",bagus keluarga ramah rb perorang mobil rb,bagus keluarga ramah rb orang mobil rb,positif
NAIL ALKAUTSAR PROPERTINDO,5,setahun lalu,Buat hiburan,buat hiburan,buat hibur,netral
Rizkiyanto,1,setahun lalu,Biayanya terlalu mahal. Ber 6 + mobil dikenakan biaya 220rb. Trus pantainya kotor.,biayanya terlalu mahal ber mobil dikenakan biaya rb trus pantainya kotor,biaya terlalu mahal ber mobil kena biaya rb trus pantai kotor,negatif
Dudi Komaruddin,5,Diedit setahun lalu,"Pantainya tenang, cocok untuk bawa keluarga...",pantainya tenang cocok bawa keluarga,pantai tenang cocok bawa keluarga,netral
Ngain Putra,1,setahun lalu,jelek pantainya,jelek pantainya,jelek pantai,negatif
Yudhi Rahmat,5,setahun lalu,Asik tempatnya rekomendasi bagi keluarga,asik tempatnya rekomendasi keluarga,asik tempat rekomendasi keluarga,positif
Muhammad Aditya,5,Diedit setahun lalu,Pemandangannya bagus tapi terlalu banyak orang,pemandangannya bagus terlalu banyak orang,pandang bagus terlalu banyak orang,positif
Lisdan Ena,5,setahun lalu,"Sung sangat ,menyenagkan dan kagum dg keindahan alam sertai pantai yg bersih indah dan estotik",sung sangat menyenagkan kagum dg keindahan alam sertai pantai bersih indah estotik,sung sangat menyenagkan kagum dg indah alam serta pantai bersih indah estotik,positif
Billy Juan Felix,5,setahun lalu,"Pantai Mutun adalah surga pesisir yang tenang di mana air laut yang berwarna biru kehijauan dengan lembut menyentuh pasir pantai yang halus. Di cakrawala, terdapat deretan perahu yang tenang, mencerminkan warisan maritim yang kaya dari pantai ini. Pegunungan yang menjulang megah, diselimuti kabut yang misterius. Pepohonan hijau yang subur membingkai pemandangan indah ini, membisikkan kisah-kisah keindahan tropis, menjadikan Pantai Mutun tempat yang sempurna untuk refleksi dan seni alam. 🌴🌊",pantai mutun surga pesisir tenang mana air laut berwarna biru kehijauan lembut menyentuh pasir pantai halus cakrawala terdapat deretan perahu tenang mencerminkan warisan maritim kaya pantai pegunungan menjulang megah diselimuti kabut misterius pepohonan hijau subur membingkai pemandangan indah membisikkan kisahkisah keindahan tropis menjadikan pantai mutun tempat sempurna refleksi seni alam,pantai mutun surga pesisir tenang mana air laut warna biru hijau lembut sentuh pasir pantai halus cakrawala dapat deret perahu tenang cermin waris maritim kaya pantai gunung julang megah limut kabut misterius pohon hijau subur bingkai pandang indah bisik kisahkisah indah tropis jadi pantai mutun tempat sempurna refleksi seni alam,netral
Muhammad Rasimum,5,setahun lalu,Keren tempatnya ramai,keren tempatnya ramai,keren tempat ramai,positif
Haikal Gunawan,5,setahun lalu,Bagus pantai nya dan aku suka banget,bagus pantai aku suka banget,bagus pantai aku suka banget,positif
Rahmat Ya qadhafi,5,setahun lalu,Cakep,cakep,cakep,netral
Afsyah Albana,4,setahun lalu,Jelek,jelek,jelek,negatif
Muslimin Mhuslimin,4,setahun lalu,Bagus namun untuk kebersihan nya minta di tingkatkan lagi.,bagus kebersihan minta tingkatkan,bagus bersih minta tingkat,positif
Iwann Sah,1,setahun lalu,Sepi jelek,sepi jelek,sepi jelek,negatif
Dono Pri,5,setahun lalu,"Pantai muntun bagus sekali, bisa lihat pantai pulau dan gunung 👍👍👍 …",pantai muntun bagus sekali lihat pantai pulau gunung,pantai muntun bagus sekali lihat pantai pulau gunung,positif
Handi,5,setahun lalu,Penataan rambut,penataan rambut,tata rambut,netral
Muhammad Rio Sales,5,setahun lalu,"Masuk 35rb/orang
Parkir mobil 10rb
Pondokan di sewakan 100rb
Naik kapal 20rb/orang
Mandi bilas 3rb",masuk rborang parkir mobil rb pondokan sewakan rb naik kapal rborang mandi bilas rb,masuk rborang parkir mobil rb pondok sewa rb naik kapal rborang mandi bilas rb,netral
Riri Suka Jalan,5,setahun lalu,"Uang Masuk Rp 35.000,-/orang. Pantainya lumayan bersih. tapi sayang pas berkunjung lagi ramai banged dan banyak kapal penumpang yang lagi sandar.Jadi kurang bisa di nikmati.Disini ada pos lifeguardnya juga. Kamar Mandinya lumayan Bersih Rp 3.000,- ada Jual plastik kresek buat baju basah Rp 2.000,-.",uang masuk rp orang pantainya lumayan bersih sayang pas berkunjung ramai banged banyak kapal penumpang sandarjadi kurang nikmatidisini pos lifeguardnya kamar mandinya lumayan bersih rp jual plastik kresek buat baju basah rp,uang masuk rp orang pantai lumayan bersih sayang pas kunjung ramai banged banyak kapal tumpang sandarjadi kurang nikmatidisini pos lifeguardnya kamar mandi lumayan bersih rp jual plastik kresek buat baju basah rp,positif
Eunice Adeline Thea,5,setahun lalu,"Pantainya dekat dengan kota bandar lampung, untuk quick escape/quick trip oke banget

Price affordable, air lautnya bersih banget🫶🏻, pasirnya pasir putih, pantainya cukup bersih walaupun ada sedikit sampah plastik",pantainya dekat kota bandar lampung quick escapequick trip oke banget price affordable air lautnya bersih banget pasirnya pasir putih pantainya cukup bersih walaupun sedikit sampah plastik,pantai dekat kota bandar lampung quick escapequick trip oke banget price affordable air laut bersih banget pasir pasir putih pantai cukup bersih walaupun sedikit sampah plastik,positif
Aqmal Alfarhan,5,setahun lalu,MANTAB,mantab,mantab,netral
I Wayan Sudirko,5,setahun lalu,"Tempat wisata laut dan terapi kesehatan struk,  urat kejepit banyak yg sembuh asal rutin",tempat wisata laut terapi kesehatan struk urat kejepit banyak sembuh asal rutin,tempat wisata laut terapi sehat struk urat jepit banyak sembuh asal rutin,netral
EkaQiana Agustin,5,setahun lalu,"Bagus, bisa nyebrang pulau tangkil ya,, TPI syaang toilet  airnya bau bngt",bagus nyebrang pulau tangkil tpi syaang toilet airnya bau bngt,bagus nyebrang pulau tangkil tpi syaang toilet air bau bngt,positif
Yudi “You day” Beib,4,setahun lalu,"Cocok untuk t4 berlibur keluarga,,",cocok t berlibur keluarga,cocok t libur keluarga,netral
dinaryutas,5,setahun lalu,Pemandangannya bagus,pemandangannya bagus,pandang bagus,positif
rustam afandi,5,setahun lalu,Pantainya bersih aman dan nyaman,pantainya bersih aman nyaman,pantai bersih aman nyaman,positif
Novita Zahra,3,setahun lalu,"Aku kira ngitungnya per mobil. Ternyata per orang 35ribu, terus 8 orang dimobil termasuk anak dibawah 5tahun pun dihitung. Padahal bukan weekend 🍂 …",aku kira ngitungnya per mobil ternyata per orang ribu terus orang dimobil termasuk anak dibawah tahun dihitung padahal bukan weekend,aku kira ngitungnya per mobil nyata per orang ribu terus orang mobil masuk anak bawah tahun hitung padahal bukan weekend,netral
yehezkiel wisnu,5,setahun lalu,"Pantai bersih.
Banyak ikan.
Pasir putih.
Masuk 35k/orang
Mobil 10k/parkir.
Rekomen",pantai bersih banyak ikan pasir putih masuk korang mobil kparkir rekomen,pantai bersih banyak ikan pasir putih masuk korang mobil kparkir rekomen,positif
yunita Sitompul,1,setahun lalu,"Kecewa banget, kesel, jauh2 dr palembang. Begitu mau masuk htm 35rb dengan 2 mobil isi 8 orang jadi 300rb. Diminta perdanya tidak bisa menunjukkan . Jdi kami tidak jd masuk. Ini sih udah pungli.  Kesebelahnya jg gt, tiket masuk 50rb walaupun itu udh msuk parkir sama orangnya. Tp tetap aja itu pungli.
Udah jalannya aja jg jelek. Tolonglah pemerintah daerah perhatikan itu.",kecewa banget kesel jauh palembang mau masuk htm rb mobil isi orang jadi rb diminta perdanya tidak menunjukkan jdi tidak jadi masuk udah pungli kesebelahnya jg gt tiket masuk rb walaupun udh msuk parkir sama orangnya tp tetap pungli udah jalannya jg jelek tolonglah pemerintah daerah perhatikan,kecewa banget kesel jauh palembang mau masuk htm rb mobil isi orang jadi rb minta perdanya tidak tunjuk jdi tidak jadi masuk udah pungli belah jg gt tiket masuk rb walaupun udh msuk parkir sama orang tp tetap pungli udah jalan jg jelek tolong perintah daerah perhati,negatif
kAL Jack,5,setahun lalu,Pelabuhan dan pantai terbuka,pelabuhan pantai terbuka,labuh pantai buka,netral
Erwin Yuitasari,5,setahun lalu,Datang dipagi hari masih bersih dan segar,datang dipagi hari bersih segar,datang pagi hari bersih segar,positif
Richa Rachdhan,4,setahun lalu,Pantai Mutun sering pasang.. bagusss tp sayang aja jd kurang menikmaati kalo pas lagi pasang... Tp recommended bgt kalo kalian nyebrang ke Pulau Tangkil... Bagus bangettt seru... Bersih juga... Cocok bgt buat liburan bareng keluarga atau temen.. cobain deh 🤩🥳 …,pantai mutun sering pasang bagusss tp sayang jadi kurang menikmaati kalau pas pasang tp recommended banget kalau kalian nyebrang pulau tangkil bagus bangettt seru bersih cocok banget buat liburan bareng keluarga temen cobain deh,pantai mutun sering pasang bagusss tp sayang jadi kurang menikmaati kalau pas pasang tp recommended banget kalau kalian nyebrang pulau tangkil bagus bangettt seru bersih cocok banget buat libur bareng keluarga temen cobain deh,positif
Vello Jelek,5,setahun lalu,Oke aja sih,oke,oke,netral
Fahdil A Hazain,1,setahun lalu,"Htm masuk nya so so lah, anak kecil ga di itung. 35k per org
Yang TAI nya gazebo kecil 100k, nginep di hotel sekitar aja 150k, ini, gubuk2 an duduk ga sampe 5jam bayar 100k.
Pantai nya banyak karang, ga nyaman maen laut nya. Perahu yg parkir ngerusak VIEW, rame bener nutupin pemandangan.
Masjid rusak.
Coba maen ke Bogor, kita pKe gazebo seharian ada listrik pula, ukuran 3x5m, Kaga bayar cukup bayar uang masuk ajee.
Gmn lampung mau maju, pariwisata nya asal2an.",htm masuk so so anak kecil tidak itung k per org tai gazebo kecil k nginep hotel k gubuk an duduk tidak sampe jam bayar k pantai banyak karang tidak nyaman maen laut perahu parkir ngerusak view rame bener nutupin pemandangan masjid rusak coba maen bogor pke gazebo seharian listrik ukuran xm kaga bayar cukup bayar uang masuk ajee gmn lampung mau maju pariwisata asalan,htm masuk so so anak kecil tidak itung k per org tai gazebo kecil k nginep hotel k gubuk an duduk tidak sampe jam bayar k pantai banyak karang tidak nyaman maen laut perahu parkir ngerusak view rame bener nutupin pandang masjid rusak coba maen bogor pke gazebo hari listrik ukur xm kaga bayar cukup bayar uang masuk ajee gmn lampung mau maju pariwisata asal,negatif
Fitri Sulistyaningrum,4,setahun lalu,"Pantai pasir putih, bagus, view oke
Tapi untuk masuk pantai termasuk mahal.
35k per orang
10k parkir
30k naik banana boat (masih wajar)
Mandi 3k/orang",pantai pasir putih bagus view oke masuk pantai termasuk mahal k per orang k parkir k naik banana boat wajar mandi korang,pantai pasir putih bagus view oke masuk pantai masuk mahal k per orang k parkir k naik banana boat wajar mandi korang,netral
budi santoso,5,setahun lalu,Shubuh berendam di pantai air nya hangat. Banyak yg berendam disini baik yg muda maupun lansia,shubuh berendam pantai air hangat banyak berendam disini baik muda maupun lansia,shubuh rendam pantai air hangat banyak rendam sini baik muda maupun lansia,positif
Faith Akhtar,1,setahun lalu,"Pantainya sebenarnya bagus, tapi ada banyak hal yang perlu diperbaiki, banyak sampah di pinggir pantai, air di area bilas berbau sampah, Anda harus membayar 3000 per orang, tidak sepadan dengan biaya masuknya, di sini Anda harus membayar untuk semuanya, Anda harus membayar untuk ban, Anda harus membayar untuk karpet, dan masih banyak lagi yang harus Anda bayar, pantai ini tidak direkomendasikan bagi mereka yang ingin melihat pemandangan indah, Anda akan membuang-buang uang 😹😹😹😹",pantainya sebenarnya bagus banyak perlu diperbaiki banyak sampah pinggir pantai air area bilas berbau sampah membayar per orang tidak sepadan biaya masuknya sini membayar semuanya membayar ban membayar karpet banyak bayar pantai tidak direkomendasikan melihat pemandangan indah membuangbuang uang,pantai benar bagus banyak perlu baik banyak sampah pinggir pantai air area bilas bau sampah bayar per orang tidak padan biaya masuk sini bayar semua bayar ban bayar karpet banyak bayar pantai tidak rekomendasi lihat pandang indah membuangbuang uang,positif
Lia Nandasari,3,setahun lalu,Lumayan,lumayan,lumayan,netral
Muhammad Rifqi,3,setahun lalu,"Bagus sihh, alamnya bagus, pasirnya putih lumayan bersih, pemandangannya tenang dan indah, tapi… tiket masuk per orang nya 35K ???? Ini tuh emg biaya yang di berlakukan sama pemerintah atau PUNGLI ya??? Udah gitu di dalem nya masih ditagihin sama abang abang parkiran… mending fasilitas nya bagus, ini mushalla nya aja orientasi nya menghadap empang air isi jentik jentik… udah gitu jalanannya ancur, berlobang… sedih dah, padahal bagus dan indah, kalau emang ini harga yg di terapin pemerintah buat pengunjung kok mahal amat ??? Gak sebanding sama fasilitas yang di berikan… (atau apakah pungli y) (bayangin org dateng ber8 boncos dong)",bagus sihh alamnya bagus pasirnya putih lumayan bersih pemandangannya tenang indah tiket masuk per orang k emg biaya berlakukan sama pemerintah pungli udah gitu dalem ditagihin sama abang abang parkiran mending fasilitas bagus mushalla orientasi menghadap empang air isi jentik jentik udah gitu jalanannya ancur berlobang sedih dah padahal bagus indah kalau emang harga terapin pemerintah buat pengunjung mahal tidak sebanding sama fasilitas berikan pungli y bayangin org dateng ber boncos,bagus sihh alam bagus pasir putih lumayan bersih pandang tenang indah tiket masuk per orang k emg biaya laku sama perintah pungli udah gitu dalem ditagihin sama abang abang parkir mending fasilitas bagus mushalla orientasi hadap empang air isi jentik jentik udah gitu jalan ancur berlobang sedih dah padahal bagus indah kalau emang harga terapin perintah buat unjung mahal tidak banding sama fasilitas ikan pungli y bayangin org dateng ber boncos,positif
Suhita Pinayang,1,setahun lalu,"Penjaga toilet tdk menegur ibu2 yg bawa anak laki2 bilas di bilik wanita. Pdhl anaknya sdh seusia sd kelas 3-4. Ibu nya sdh saya tegur malah alesan msh kecil. Pendidikan seksualitasnya ga jalan. Saya protes ke penjaga toilet malah diem aja ga ditanggepin. Hati2 buat bilasnya lgsg ke kamar mandi aja, jgn mau ke bilik bilas. Saya benar2 merasa dirugikan. Trus jg disuruh bayar 2, karna sama bayi yg blm 1 thn. Bad attitude bgt penjaga toiletnya",penjaga toilet tdk menegur ibu bawa anak laki bilas bilik wanita pdhl anaknya seusia sd kelas ibu tegur malah alesan msh kecil pendidikan seksualitasnya tidak jalan protes penjaga toilet malah diem tidak ditanggepin hati buat bilasnya lgsg kamar mandi jgn mau bilik bilas benar merasa dirugikan trus jg disuruh bayar karna sama bayi belum thn bad attitude banget penjaga toiletnya,jaga toilet tdk tegur ibu bawa anak laki bilas bilik wanita pdhl anak usia sd kelas ibu tegur malah alesan msh kecil didik seksualitas tidak jalan protes jaga toilet malah diem tidak ditanggepin hati buat bilas lgsg kamar mandi jgn mau bilik bilas benar rasa rugi trus jg suruh bayar karna sama bayi belum thn bad attitude banget jaga toilet,negatif
Tito Permana,1,setahun lalu,"Saya warga asli Lampung, kmrin kesana brsama keluarga, kbtulan sudah brpa tahun sdh ga prnah ksna. Htm 35k per orang, plus tiket mobil 10k.

Dari trakhir ksna sampai skrang trnyata ga ad perubahan. Pantai nya sbnernya lumayan bagus dan bisa untuk berenang juga, tapi kalau FASILITAS nya buluukkk banget. Tempat sholat juga ga layak, ga bisa jd dibilang Mushola krn jauh dr kata LAYAK. Bau comberan pulaaa. Gmna orang mau khusyu solat.

Parkiran juga bayar lagi, pdhal sudah bayar tiket parkir 10k tapi masih ditagih parkir ketika pulang.

Pondokan juga kemahalaann, 150k. Kalau dibandingkan di pantai Kalianda cuman 75-100k rate nya.

Tlong manajemen diperhatikan. Kalau mau lebih baik lagi.",warga asli lampung kmrin kesana brsama keluarga kbtulan brpa tahun tidak prnah ksna htm k per orang plus tiket mobil k trakhir ksna skrang trnyata tidak ad perubahan pantai sbnernya lumayan bagus berenang kalau fasilitas buluukkk banget tempat sholat tidak layak tidak jadi dibilang mushola jauh kata layak bau comberan pulaaa gmna orang mau khusyu solat parkiran bayar pdhal bayar tiket parkir k ditagih parkir pulang pondokan kemahalaann k kalau dibandingkan pantai kalianda cuman k rate tlong manajemen diperhatikan kalau mau lebih baik,warga asli lampung kmrin kesana brsama keluarga kbtulan brpa tahun tidak prnah ksna htm k per orang plus tiket mobil k trakhir ksna skrang trnyata tidak ad ubah pantai sbnernya lumayan bagus renang kalau fasilitas buluukkk banget tempat sholat tidak layak tidak jadi bilang mushola jauh kata layak bau comberan pulaaa gmna orang mau khusyu solat parkir bayar pdhal bayar tiket parkir k tagih parkir pulang pondok kemahalaann k kalau banding pantai kalianda cuman k rate tlong manajemen perhati kalau mau lebih baik,negatif
gifta alfina,4,setahun lalu,Pantai nya bagus....cm masih minus dengan fasilitasnya terutama mushola karena menurut saya itu hal yang pling penting. .. semoga pantai mutun bisa kedepannya lebih baik lagi 🤗 …,pantai baguscm minus fasilitasnya terutama mushola pling penting semoga pantai mutun kedepannya lebih baik,pantai baguscm minus fasilitas utama mushola pling penting moga pantai mutun depan lebih baik,positif
Bunga Febriana,1,setahun lalu,"this is the worst experience i had, wisata pantai mahal overrated. jangan harap ada pasir pantai disini, hampir semuanya DITANGGUL dan cuma nyisain SEDIKIT pasir pantai. Bahkan hampir sepanjang bibir pantai semuanya BATU KARANG. Pasir di sekitar tanggul BERLUMUT dan padat, I came here when it was on rainy season, jadi ga sempet buat foto tanggul dan kondisi pantainya. Hujan? mau sewa gazebo/saung dipinggir situ buat neduh? THAT'S SUPER EXPENSIVE for not so huge/wide gazebo. 150k bro, u better get in into ur car. Mau nyebrang ke pulau sebelah? bayar tuh kapal 200k-250k. Emang mau untuk pulau yang pantainya ga begitu luas? yakin? untuk sekedar ke toilet juga bayar 3000. Banyak kapal kapal juga di sepanjang pantai yang menghalangi buat foto pemandangan pantainya. I could bring up this issue for times, i would be glad if the government want to check up this beach.",this is the worst experience i had wisata pantai mahal overrated jangan harap pasir pantai disini hampir semuanya ditanggul cuma nyisain sedikit pasir pantai bahkan hampir sepanjang bibir pantai semuanya batu karang pasir tanggul berlumut padat i came here when it was on rainy season jadi tidak sempet buat foto tanggul kondisi pantainya hujan mau sewa gazebosaung dipinggir situ buat neduh thats super expensive for not so hugewide gazebo k bro u better get in into ur car mau nyebrang pulau sebelah bayar kapal kk emang mau pulau pantainya tidak luas yakin sekedar toilet bayar banyak kapal kapal sepanjang pantai menghalangi buat foto pemandangan pantainya i could bring up this issue for times i would be glad if the government want to check up this beach,this is the worst experience i had wisata pantai mahal overrated jangan harap pasir pantai sini hampir semua tanggul cuma nyisain sedikit pasir pantai bahkan hampir panjang bibir pantai semua batu karang pasir tanggul lumut padat i came here when it was on rainy season jadi tidak sempet buat foto tanggul kondisi pantai hujan mau sewa gazebosaung pinggir situ buat neduh thats super expensive for not so hugewide gazebo k bro u better get in into ur car mau nyebrang pulau belah bayar kapal kk emang mau pulau pantai tidak luas yakin dar toilet bayar banyak kapal kapal panjang pantai halang buat foto pandang pantai i could bring up this issue for times i would be glad if the government want to check up this beach,negatif
M. Wira Aditya,4,setahun lalu,"Pantai nya bagus dengan Garis pantai yang panjang juga tambahan Pulau Tangkil dengan disajikan Perahu untuk menyebrang, banyak lokasi Swafoto terutama di Pulau nya, saran aja jalannya mohon dibenerin yang banyak lubang dan terjal, biar mempermudah akses bagi para wisatawan! saran!",pantai bagus garis pantai panjang tambahan pulau tangkil disajikan perahu menyebrang banyak lokasi swafoto terutama pulau saran jalannya mohon dibenerin banyak lubang terjal biar mempermudah akses wisatawan saran,pantai bagus garis pantai panjang tambah pulau tangkil saji perahu menyebrang banyak lokasi swafoto utama pulau saran jalan mohon dibenerin banyak lubang terjal biar mudah akses wisatawan saran,positif
Nurul Indah Syah,3,setahun lalu,"Mahal, pantainya kotor, tp klau nyebrang better lah",mahal pantainya kotor tp klau nyebrang better,mahal pantai kotor tp klau nyebrang better,negatif
Misnan Sis,3,setahun lalu,"Parkir mobil nya mahal 50,000/mobil",parkir mobil mahal mobil,parkir mobil mahal mobil,negatif
Pipit Susanti,5,setahun lalu,Kampus terbaik😍 …,kampus terbaik,kampus baik,positif
Dilah Tuhita,1,setahun lalu,"Jangan ke sini kalo gak mau rugi, pasti nyesal!! Pantai kotor gak terawat, biaya parkir sudah bayar tpi pas mau parkir di minta parkir lagi jdi double bayar parkir",jangan sini kalau tidak mau rugi nyesal pantai kotor tidak terawat biaya parkir bayar tpi pas mau parkir minta parkir jdi double bayar parkir,jangan sini kalau tidak mau rugi nyesal pantai kotor tidak awat biaya parkir bayar tpi pas mau parkir minta parkir jdi double bayar parkir,negatif
M Zain Fahroni,2,setahun lalu,"Biaya masuk 20k/ orang weekdays

Akses/ Jalan remuk, sampah dimana2, fasilitas terbengkalai, gasebo berbayar ya gaes, kumuh.",biaya masuk k orang weekdays akses jalan remuk sampah fasilitas terbengkalai gasebo berbayar gaes kumuh,biaya masuk k orang weekdays akses jalan remuk sampah fasilitas bengkalai gasebo bayar gaes kumuh,netral
Jennyfer Herlim,5,setahun lalu,"Pantainya sepi banget, pas aku datang udah ada beberapa orang yang kumpul. Tapi gak terlalu rame, banyak perahu nelayan. Ada tempat bilas, cukup bayar Rp. 3.000 per orang. Di dalam juga ada toilet. Area bilasnya lumayan nyaman.",pantainya sepi banget pas aku datang udah beberapa orang kumpul tidak terlalu rame banyak perahu nelayan tempat bilas cukup bayar rp per orang toilet area bilasnya lumayan nyaman,pantai sepi banget pas aku datang udah beberapa orang kumpul tidak terlalu rame banyak perahu nelayan tempat bilas cukup bayar rp per orang toilet area bilas lumayan nyaman,netral
Sapto Yuwono,5,setahun lalu,Lumayan,lumayan,lumayan,netral
Degi Putra Pamungkas,3,setahun lalu,"Pantai bagus.
Cuman sayang tiket masuk terlalu mahal dan tidak ada tiket ketika di tanya..",pantai bagus cuman sayang tiket masuk terlalu mahal tidak tiket tanya,pantai bagus cuman sayang tiket masuk terlalu mahal tidak tiket tanya,negatif
zafira nadida,5,setahun lalu,Kalau ga ada sampah bakal lbh bagus. Jadi untuk para pelancong tolong jangan buang sampah sembarangan.,kalau tidak sampah bakal lbh bagus jadi pelancong jangan buang sampah sembarangan,kalau tidak sampah bakal lbh bagus jadi lancong jangan buang sampah sembarang,netral
melly okta,2,setahun lalu,Pantainya penuh dengan orang jualan. Duduk dikit di tawar2i ini itu. Tidak nyaman untuk bersantai. Hanya cocok buat mandi2 keluarga besar atau satu kecamatan cocok kesini. Merasa gak aman di pantai mutun ini karena banyak banget yg liatin kalau gak beli atau nyewa ban. Kenapa ya di buat begitu disini? Ini yg ngelola swasta ya?,pantainya penuh orang jualan duduk dikit tawari tidak nyaman bersantai cocok buat mandi keluarga besar satu kecamatan cocok kesini merasa tidak aman pantai mutun banyak banget liatin kalau tidak beli nyewa ban buat disini ngelola swasta,pantai penuh orang jual duduk dikit tawar tidak nyaman santa cocok buat mandi keluarga besar satu camat cocok kesini rasa tidak aman pantai mutun banyak banget liatin kalau tidak beli nyewa ban buat sini ngelola swasta,negatif
pebringatdi susilo,5,setahun lalu,"Pantainua bisa untuk mandi, kalo tuk diving kurang pas. Kalo snorkling bisallah",pantainua mandi kalau tuk diving kurang pas kalau snorkling bisallah,pantainua mandi kalau tuk diving kurang pas kalau snorkling bisallah,negatif
Javgan Duta,5,setahun lalu,Tempat nya lumayan bersih,tempat lumayan bersih,tempat lumayan bersih,positif
Carter Mobil Lampung,4,setahun lalu,Lumayan buat isi liburan dg keluarga,lumayan buat isi liburan dg keluarga,lumayan buat isi libur dg keluarga,netral
Ivan Danie,5,setahun lalu,Keren,keren,keren,positif
xnxx com,5,setahun lalu,Pantai legend,pantai legend,pantai legend,netral
Maria Nainggolan,1,setahun lalu,Yaudah gitu aja,yaudah gitu,yaudah gitu,netral
Reza Viandy,1,setahun lalu,"saya ga ada masalah sama pantainya sih, bagus kok, pantai dgn viewnya laut dan pegunungan. Cuman Htm masuknya itu lho menurut saya mahal, 35 ribu / orang dan di awak ada tagihan parkir mobil 10 ribu. tapi pas sudah masuk dan kita parkir, ada tukang parkir lagi yg narif 5 ribu. bayar 35 ribu dgn layanan fasilitas yg biasa aja sih, bahkan ga ada fasilitas yg menonjol sebagai bentuk pengelolaan.",tidak masalah sama pantainya bagus pantai viewnya laut pegunungan cuman htm masuknya lho mahal ribu orang awak tagihan parkir mobil ribu pas masuk parkir tukang parkir narif ribu bayar ribu layanan fasilitas biasa bahkan tidak fasilitas menonjol bentuk pengelolaan,tidak masalah sama pantai bagus pantai viewnya laut gunung cuman htm masuk lho mahal ribu orang awak tagih parkir mobil ribu pas masuk parkir tukang parkir narif ribu bayar ribu layan fasilitas biasa bahkan tidak fasilitas tonjol bentuk kelola,negatif
